auteur_complet,nom,prenom_raw,prenom_cle,nb_articles
Marc Boullé,Boullé,Marc,marc,36
Pascal Poncelet,Poncelet,Pascal,pascal,25
Maguelonne Teisseire,Teisseire,Maguelonne,maguelonne,23
Mustapha Lebbah,Lebbah,Mustapha,mustapha,21
Christine Largeron,Largeron,Christine,christine,18
Mathieu Roche,Roche,Mathieu,mathieu,18
Amedeo Napoli,Napoli,Amedeo,amedeo,17
Anne Laurent,Laurent,Anne,anne,17
Yves Lechevallier,Lechevallier,Yves,yves,17
Younès Bennani,Bennani,Younès,younès,16
Fabrice Clérot,Clérot,Fabrice,fabrice,16
Henri Briand,Briand,Henri,henri,15
François Poulet,Poulet,François,françois,14
Vincent Lemaire,Lemaire,Vincent,vincent,14
Hanane Azzag,Azzag,Hanane,hanane,14
Sandra Bringay,Bringay,Sandra,sandra,14
Jean-François Boulicaut,Boulicaut,Jean-François,jean-françois,14
Sadok Ben Yahia,Ben Yahia,Sadok,sadok,14
Engelbert Mephu Nguifo,Mephu Nguifo,Engelbert,engelbert,14
Mohamed Nadif,Nadif,Mohamed,mohamed,13
Guillaume Cleuziou,Cleuziou,Guillaume,guillaume,13
Arnaud Soulet,Soulet,Arnaud,arnaud,13
Gilbert Ritschard,Ritschard,Gilbert,gilbert,12
Djamel Abdelkader Zighed,Abdelkader Zighed,Djamel,djamel,12
Frédéric Flouvat,Flouvat,Frédéric,frédéric,12
Florent Masseglia,Masseglia,Florent,florent,12
Edwin Diday,Diday,Edwin,edwin,12
Omar Boussaid,Boussaid,Omar,omar,12
Fabrice Guillet,Guillet,Fabrice,fabrice,12
Nazha Selmaoui-Folcher,Selmaoui-Folcher,Nazha,nazha,11
Thomas Guyet,Guyet,Thomas,thomas,11
Pierre Gançarski,Gançarski,Pierre,pierre,11
Georges Hébrail,Hébrail,Georges,georges,10
Nicole Vincent,Vincent,Nicole,nicole,10
Pascale Kuntz,Kuntz,Pascale,pascale,10
Arnaud Giacometti,Giacometti,Arnaud,arnaud,10
Sami Faiz,Faiz,Sami,sami,10
Yves Kodratoff,Kodratoff,Yves,yves,9
Marc Plantevit,Plantevit,Marc,marc,9
Fabrice Rossi,Rossi,Fabrice,fabrice,9
Rim Faiz,Faiz,Rim,rim,9
Thanh-Nghi Do,Do,Thanh-Nghi,thanh-nghi,9
Guy Melançon,Melançon,Guy,guy,9
Stéphane Lallich,Lallich,Stéphane,stéphane,9
Rene Quiniou,Quiniou,Rene,rene,8
Chabane Djeraba,Djeraba,Chabane,chabane,8
Nicolas S. Müller,S. Müller,Nicolas,nicolas,8
Alexis Gabadinho,Gabadinho,Alexis,alexis,8
Raja Chiky,Chiky,Raja,raja,8
Julien Velcin,Velcin,Julien,julien,8
Matthias Studer,Studer,Matthias,matthias,8
Jérôme Azé,Azé,Jérôme,jérôme,8
Thomas Tamisier,Tamisier,Thomas,thomas,8
Fadila Bentayeb,Bentayeb,Fadila,fadila,8
Marie-Aude Aufaure,Aufaure,Marie-Aude,marie-aude,8
Baghdad Atmani,Atmani,Baghdad,baghdad,8
Gilles Venturini,Venturini,Gilles,gilles,7
Julien Blanchard,Blanchard,Julien,julien,7
Patrick Gallinari,Gallinari,Patrick,patrick,7
Philippe Lenca,Lenca,Philippe,philippe,7
Chedy Raïssi,Raïssi,Chedy,chedy,7
Sabine Loudcher,Loudcher,Sabine,sabine,7
Erick Stattner,Stattner,Erick,erick,7
Thierry Urruty,Urruty,Thierry,thierry,7
Patrice Buche,Buche,Patrice,patrice,7
Ali Khenchaf,Khenchaf,Ali,ali,7
Dan A. Simovici,A. Simovici,Dan,dan,7
Fatiha Saïs,Saïs,Fatiha,fatiha,7
Christel Vrain,Vrain,Christel,christel,7
Olivier Parisot,Parisot,Olivier,olivier,7
Dominique Laurent,Laurent,Dominique,dominique,7
Sylvie Guillaume,Guillaume,Sylvie,sylvie,7
Annie Morin,Morin,Annie,annie,6
Juliette Dibie-Barthélemy,Dibie-Barthélemy,Juliette,juliette,6
Bruno Pinaud,Pinaud,Bruno,bruno,6
Agnès Braud,Braud,Agnès,agnès,6
Yannick Toussaint,Toussaint,Yannick,yannick,6
Lionel Martin,Martin,Lionel,lionel,6
Aurélie Bertaux,Bertaux,Aurélie,aurélie,6
Cécile Favre,Favre,Cécile,cécile,6
Nicolas Lachiche,Lachiche,Nicolas,nicolas,6
Rose Dieng-Kuntz,Dieng-Kuntz,Rose,rose,6
Khaoula Mahmoudi,Mahmoudi,Khaoula,khaoula,6
Antoine Cornuéjols,Cornuéjols,Antoine,antoine,6
Dominique Gay,Gay,Dominique,dominique,6
Germain Forestier,Forestier,Germain,germain,6
Arnaud Martin,Martin,Arnaud,arnaud,6
Yahya Slimani,Slimani,Yahya,yahya,6
Martine Collard,Collard,Martine,martine,6
Adrien Guille,Guille,Adrien,adrien,6
Nguyen-Khang Pham,Pham,Nguyen-Khang,nguyen-khang,6
Alexandre Blansché,Blansché,Alexandre,alexandre,6
Sylvie Desprès,Desprès,Sylvie,sylvie,6
Jean-Emile Symphor,Symphor,Jean-Emile,jean-emile,6
Mondher Maddouri,Maddouri,Mondher,mondher,6
Bruno Crémilleux,Crémilleux,Bruno,bruno,6
Pierrick Bruneau,Bruneau,Pierrick,pierrick,6
Hakim Hacid,Hacid,Hakim,hakim,6
Olivier Teste,Teste,Olivier,olivier,6
Karine Zeitouni,Zeitouni,Karine,karine,5
Brigitte Trousse,Trousse,Brigitte,brigitte,5
Nicolas Nicoloyannis,Nicoloyannis,Nicolas,nicolas,5
Nathalie Pernelle,Pernelle,Nathalie,nathalie,5
Pierre-Emmanuel Jouve,Jouve,Pierre-Emmanuel,pierre-emmanuel,5
Nicolas Labroche,Labroche,Nicolas,nicolas,5
Herman Akdag,Akdag,Herman,herman,5
Laure Berti-Equille,Berti-Equille,Laure,laure,5
Martine Cadot,Cadot,Martine,martine,5
Rallou Thomopoulos,Thomopoulos,Rallou,rallou,5
Mathias Géry,Géry,Mathias,mathias,5
Romain Guigourès,Guigourès,Romain,romain,5
Gérard Govaert,Govaert,Gérard,gérard,5
Stéphane Loiseau,Loiseau,Stéphane,stéphane,5
Gérard Dray,Dray,Gérard,gérard,5
Carine Hue,Hue,Carine,carine,5
Thierry Despeyroux,Despeyroux,Thierry,thierry,5
Francisco de Assis Tenório de Carvalho,de Assis Tenório de Carvalho,Francisco,francisco,5
Einoshin Suzuki,Suzuki,Einoshin,einoshin,5
Inès Saad,Saad,Inès,inès,5
David Genest,Genest,David,david,5
Alain Simac-Lejeune,Simac-Lejeune,Alain,alain,5
Cherif Chiraz Latiri,Chiraz Latiri,Cherif,cherif,5
Mohamed Ben Ahmed,Ben Ahmed,Mohamed,mohamed,5
Bénédicte Le Grand,Le Grand,Bénédicte,bénédicte,5
Chantal Reynaud,Reynaud,Chantal,chantal,5
Régis Gras,Gras,Régis,régis,5
Nistor Grozavu,Grozavu,Nistor,nistor,5
Alice Marascu,Marascu,Alice,alice,5
Florence Le Ber,Le Ber,Florence,florence,5
Yoann Pitarch,Pitarch,Yoann,yoann,5
Mehdi Kaytoue,Kaytoue,Mehdi,mehdi,5
Mohand-Said Hacid,Hacid,Mohand-Said,mohand-said,5
Ollivier Haemmerlé,Haemmerlé,Ollivier,ollivier,5
Guénaël Cabanes,Cabanes,Guénaël,guénaël,5
Abdelmalek Toumi,Toumi,Abdelmalek,abdelmalek,5
Catherine Faron-Zucker,Faron-Zucker,Catherine,catherine,5
Gilbert Saporta,Saporta,Gilbert,gilbert,5
Olivier Pivert,Pivert,Olivier,olivier,5
Isabelle Mougenot,Mougenot,Isabelle,isabelle,5
Thierry Artières,Artières,Thierry,thierry,4
Brigitte Safar,Safar,Brigitte,brigitte,4
Jean-Marc Petit,Petit,Jean-Marc,jean-marc,4
Marie-Luce Picard,Picard,Marie-Luce,marie-luce,4
Matthieu Exbrayat,Exbrayat,Matthieu,matthieu,4
Alexandre Aussem,Aussem,Alexandre,alexandre,4
Fatma Bouali,Bouali,Fatma,fatma,4
Aliou Boly,Boly,Aliou,aliou,4
Allel HadjAli,HadjAli,Allel,allel,4
Sylvain Ferrandiz,Ferrandiz,Sylvain,sylvain,4
Elie Prudhomme,Prudhomme,Elie,elie,4
Adrian Tanasescu,Tanasescu,Adrian,adrian,4
Marc Le Goc,Le Goc,Marc,marc,4
Talel Abdesssalem,Abdesssalem,Talel,talel,4
Hubert Naacke,Naacke,Hubert,hubert,4
Christophe Nicolle,Nicolle,Christophe,christophe,4
Jacques Chauché,Chauché,Jacques,jacques,4
Alzennyr Da Silva,Da Silva,Alzennyr,alzennyr,4
Filipe Afonso,Afonso,Filipe,filipe,4
Olivier Curé,Curé,Olivier,olivier,4
Céline Fiot,Fiot,Céline,céline,4
Fabrice Muhlenbach,Muhlenbach,Fabrice,fabrice,4
André Péninou,Péninou,André,andré,4
Alain Lelu,Lelu,Alain,alain,4
Chantal Soulé-Dupuy,Soulé-Dupuy,Chantal,chantal,4
Hélène Jaudoin,Jaudoin,Hélène,hélène,4
Vincent Levorato,Levorato,Vincent,vincent,4
Mounira Harzallah,Harzallah,Mounira,mounira,4
Yassine Benabbas,Benabbas,Yassine,yassine,4
Christiane Guinot,Guinot,Christiane,christiane,4
Jérémy Sanhes,Sanhes,Jérémy,jérémy,4
Boutheina Ben Yaghlane,Ben Yaghlane,Boutheina,boutheina,4
Dino Ienco,Ienco,Dino,dino,4
Alexis Bondu,Bondu,Alexis,alexis,4
David Auber,Auber,David,david,4
Driss Aboutajdine,Aboutajdine,Driss,driss,4
Lionel Vinceslas,Vinceslas,Lionel,lionel,4
Michel Buffa,Buffa,Michel,michel,4
Christine Froidevaux,Froidevaux,Christine,christine,4
Pascal Cuxac,Cuxac,Pascal,pascal,4
Mohand Boughanem,Boughanem,Mohand,mohand,4
Faïez Gargouri,Gargouri,Faïez,faïez,4
Nathalie Aussenac-Gilles,Aussenac-Gilles,Nathalie,nathalie,4
Patrick Gros,Gros,Patrick,patrick,4
Max Chevalier,Chevalier,Max,max,4
François Trousset,Trousset,François,françois,4
François Jacquenet,Jacquenet,François,françois,4
Dhafer Lahbib,Lahbib,Dhafer,dhafer,4
Philippe Pinheiro,Pinheiro,Philippe,philippe,4
Jean-Yves Blaise,Blaise,Jean-Yves,jean-yves,4
Khaled Khelif,Khelif,Khaled,khaled,4
Iwona Dudek,Dudek,Iwona,iwona,4
Hajer Baazaoui Zghal,Baazaoui Zghal,Hajer,hajer,4
François Rioult,Rioult,François,françois,4
Fayçal Hamdi,Hamdi,Fayçal,fayçal,4
Nacéra Bennacer,Bennacer,Nacéra,nacéra,4
Lydia Boudjeloud,Boudjeloud,Lydia,lydia,4
Benoît Otjacques,Otjacques,Benoît,benoît,4
Christophe Marsala,Marsala,Christophe,christophe,4
Oumaima Alaoui Ismaili,Alaoui Ismaili,Oumaima,oumaima,3
Huaiguo Fu,Fu,Huaiguo,huaiguo,3
François-Xavier Jollois,Jollois,François-Xavier,françois-xavier,3
Khaled Mellouli,Mellouli,Khaled,khaled,3
Vincent Philippé,Philippé,Vincent,vincent,3
Cédric Udréa,Udréa,Cédric,cédric,3
Claire François,François,Claire,claire,3
Hubert Marteau,Marteau,Hubert,hubert,3
Georges Gardarin,Gardarin,Georges,georges,3
Christophe Roche,Roche,Christophe,christophe,3
Ahmed Amrani,Amrani,Ahmed,ahmed,3
Jacky Montmain,Montmain,Jacky,jacky,3
Nicolas Dugué,Dugué,Nicolas,nicolas,3
Nicolas Voisine,Voisine,Nicolas,nicolas,3
Baptiste Jeudy,Jeudy,Baptiste,baptiste,3
Fatima-Zahra Aazi,Aazi,Fatima-Zahra,fatima-zahra,3
Aichetou Bouchareb,Bouchareb,Aichetou,aichetou,3
Cédric Wemmert,Wemmert,Cédric,cédric,3
Fatiha Barigou,Barigou,Fatiha,fatiha,3
Bouziane Beldjilali,Beldjilali,Bouziane,bouziane,3
Florence Sedes,Sedes,Florence,florence,3
Amine Chaibi,Chaibi,Amine,amine,3
Saaid Baraty,Baraty,Saaid,saaid,3
Cécile Bothorel,Bothorel,Cécile,cécile,3
Cédric Lopez,Lopez,Cédric,cédric,3
Nathalie Abadie,Abadie,Nathalie,nathalie,3
Michel Beigbeder,Beigbeder,Michel,michel,3
Claude Pasquier,Pasquier,Claude,claude,3
Mehdi Kaytoue-Uberall,Kaytoue-Uberall,Mehdi,mehdi,3
Nadia Essoussi,Essoussi,Nadia,nadia,3
Noel Novelli,Novelli,Noel,noel,3
Lazhar Labiod,Labiod,Lazhar,lazhar,3
Géraldine Polaillon,Polaillon,Géraldine,géraldine,3
Laurent Candillier,Candillier,Laurent,laurent,3
Nicolas Delaforge,Delaforge,Nicolas,nicolas,3
Frédéric Pennerath,Pennerath,Frédéric,frédéric,3
Wei Wang,Wang,Wei,wei,3
Olivier Corby,Corby,Olivier,olivier,3
Khalid Benabdeslem,Benabdeslem,Khalid,khalid,3
Françoise Fessant,Fessant,Françoise,françoise,3
Pierre Maret,Maret,Pierre,pierre,3
Nicolas Béchet,Béchet,Nicolas,nicolas,3
Pierre-François Marteau,Marteau,Pierre-François,pierre-françois,3
Thomas Raimbault,Raimbault,Thomas,thomas,3
Liliana Ibanescu,Ibanescu,Liliana,liliana,3
Benjamin Duthil,Duthil,Benjamin,benjamin,3
Rakia Jaziri,Jaziri,Rakia,rakia,3
Frank Meyer,Meyer,Frank,frank,3
José L Balcazar,L Balcazar,José,josé,3
Fabien Gandon,Gandon,Fabien,fabien,3
Marie-Jeanne Lesot,Lesot,Marie-Jeanne,marie-jeanne,3
Céline Rouveirol,Rouveirol,Céline,céline,3
Marie-Françoise Canut,Canut,Marie-Françoise,marie-françoise,3
Patrick Marcel,Marcel,Patrick,patrick,3
Julien Rabatel,Rabatel,Julien,julien,3
Michel Plantié,Plantié,Michel,michel,3
Florent Domenach,Domenach,Florent,florent,3
Mohammad Ghoniem,Ghoniem,Mohammad,mohammad,3
Aymen Elkhlifi,Elkhlifi,Aymen,aymen,3
Fabien De Marchi,De Marchi,Fabien,fabien,3
Alain Berger,Berger,Alain,alain,3
Nicoleta Rogovschi,Rogovschi,Nicoleta,nicoleta,3
Vincent Claveau,Claveau,Vincent,vincent,3
Sarra Bouzayane,Bouzayane,Sarra,sarra,3
Talel Abdessalem,Abdessalem,Talel,talel,3
Frédérique Segond,Segond,Frédérique,frédérique,3
Ammar Mechouche,Mechouche,Ammar,ammar,3
Thomas Piton,Piton,Thomas,thomas,3
Adel Lablack,Lablack,Adel,adel,3
Ioan Marius Bilasco,Marius Bilasco,Ioan,ioan,3
Jean Lieber,Lieber,Jean,jean,3
Nathalie Vallès-Parlangeau,Vallès-Parlangeau,Nathalie,nathalie,3
Armelle Brun,Brun,Armelle,armelle,3
Anne Boyer,Boyer,Anne,anne,3
Jérémy Ferrero,Ferrero,Jérémy,jérémy,3
Chiraz Latiri,Latiri,Chiraz,chiraz,3
Emmanuel Viennet,Viennet,Emmanuel,emmanuel,3
Guillaume Bosc,Bosc,Guillaume,guillaume,3
Leila Khouas,Khouas,Leila,leila,3
Benjamin Négrevergne,Négrevergne,Benjamin,benjamin,3
Sylvie Szulman,Szulman,Sylvie,sylvie,3
Tarek Hamrouni,Hamrouni,Tarek,tarek,3
Riadh Ben Messaoud,Ben Messaoud,Riadh,riadh,3
Nida Meddouri,Meddouri,Nida,nida,3
Michel Simonet,Simonet,Michel,michel,3
Jean-Daniel Zucker,Zucker,Jean-Daniel,jean-daniel,3
Malika Charrad,Charrad,Malika,malika,3
Mohamed Tmar,Tmar,Mohamed,mohamed,3
Emna Bahri,Bahri,Emna,emna,3
Rabie Saidi,Saidi,Rabie,rabie,3
Vincent Pisetta,Pisetta,Vincent,vincent,3
Danielle Boulanger,Boulanger,Danielle,danielle,3
Vasile-Marian Scuturici,Scuturici,Vasile-Marian,vasile-marian,3
Cyril de Runz,de Runz,Cyril,cyril,3
Rafik Abdesselam,Abdesselam,Rafik,rafik,3
Franck Ravat,Ravat,Franck,franck,3
Sylvie Calabretto,Calabretto,Sylvie,sylvie,3
Marie-Odile Cordier,Cordier,Marie-Odile,marie-odile,3
Michel Soto,Soto,Michel,michel,3
Jérôme Gensel,Gensel,Jérôme,jérôme,3
Gianluca Quercini,Quercini,Gianluca,gianluca,3
Jérémy Lhez,Lhez,Jérémy,jérémy,3
Trinh Minh Tri Do,Minh Tri Do,Trinh,trinh,3
Zoulikha Heddadji,Heddadji,Zoulikha,zoulikha,3
Séverine Kirchner,Kirchner,Séverine,séverine,3
Georges Stamon,Stamon,Georges,georges,3
Alban Mancheron,Mancheron,Alban,alban,3
Maxime Lefrançois,Lefrançois,Maxime,maxime,3
Lydia Boudjeloud-Assala,Boudjeloud-Assala,Lydia,lydia,3
Robert Laurini,Laurini,Robert,robert,3
Marcin Detyniecki,Detyniecki,Marcin,marcin,3
Michel Hassenforder,Hassenforder,Michel,michel,3
Lylia Abrouk,Abrouk,Lylia,lylia,3
Thomas Heitz,Heitz,Thomas,thomas,3
Manuel Zacklad,Zacklad,Manuel,manuel,3
Philippe Bouché,Bouché,Philippe,philippe,3
Anne-Marie Vercoustre,Vercoustre,Anne-Marie,anne-marie,3
Marilys Corbex,Corbex,Marilys,marilys,3
Ansaf Salleb-Aouissi,Salleb-Aouissi,Ansaf,ansaf,3
Valentina Ceausu,Ceausu,Valentina,valentina,3
Nabil Benayadi,Benayadi,Nabil,nabil,3
Badre Belabbess,Belabbess,Badre,badre,3
Julien Subercaze,Subercaze,Julien,julien,3
Christophe Gravier,Gravier,Christophe,christophe,3
Frédérique Laforest,Laforest,Frédérique,frédérique,3
Fabien Picarougne,Picarougne,Fabien,fabien,3
Celine Robardet,Robardet,Celine,celine,3
Suzanne Pinson,Pinson,Suzanne,suzanne,3
Yoanne Didry,Didry,Yoanne,yoanne,3
Jean-Benoît Griesner,Griesner,Jean-Benoît,jean-benoît,3
Khalil Laghmari,Laghmari,Khalil,khalil,2
Mohammed Ramdani,Ramdani,Mohammed,mohammed,2
Emmanuelle Claeys,Claeys,Emmanuelle,emmanuelle,2
Myriam Maumy-Bertrand,Maumy-Bertrand,Myriam,myriam,2
Alain Zasadzinski,Zasadzinski,Alain,alain,2
Dominique Besagni,Besagni,Dominique,dominique,2
Gaëlle Legrand,Legrand,Gaëlle,gaëlle,2
Oriane Matte-Tailliez,Matte-Tailliez,Oriane,oriane,2
Nicolas Spyratos,Spyratos,Nicolas,nicolas,2
Adina Magda Florea,Magda Florea,Adina,adina,2
Teddy Turmeaux,Turmeaux,Teddy,teddy,2
Tuyet-Tram Dang-Ngoc,Dang-Ngoc,Tuyet-Tram,tuyet-tram,2
Lionel Savary,Savary,Lionel,lionel,2
Alain Mille,Mille,Alain,alain,2
Emmanuel Blanchard,Blanchard,Emmanuel,emmanuel,2
Brigitte Hoeltzener,Hoeltzener,Brigitte,brigitte,2
Stéphane Daviet,Daviet,Stéphane,stéphane,2
Franck Meyer,Meyer,Franck,franck,2
Ibrahim Louhi,Louhi,Ibrahim,ibrahim,2
Andrés Troya-Galvis,Troya-Galvis,Andrés,andrés,2
Oualid Benyahia,Benyahia,Oualid,oualid,2
Osmar R. Zaïane,R. Zaïane,Osmar,osmar,2
Said Jabbour,Jabbour,Said,said,2
Lakhdar Sais,Sais,Lakhdar,lakhdar,2
Yakoub Salhi,Salhi,Yakoub,yakoub,2
Olivier Gerbé,Gerbé,Olivier,olivier,2
Nada Matta,Matta,Nada,nada,2
Rémi Lehn,Lehn,Rémi,rémi,2
Mohamed Aounallah,Aounallah,Mohamed,mohamed,2
Fabien Torre,Torre,Fabien,fabien,2
Gérard Ramstein,Ramstein,Gérard,gérard,2
Yannick Jacques,Jacques,Yannick,yannick,2
Nadjim Chelghoum,Chelghoum,Nadjim,nadjim,2
Jean-Charles Lamirel,Lamirel,Jean-Charles,jean-charles,2
Christophe Tricot,Tricot,Christophe,christophe,2
Romain Billot,Billot,Romain,romain,2
Ricco Rakotomalala,Rakotomalala,Ricco,ricco,2
Pierre-Alain Laur,Laur,Pierre-Alain,pierre-alain,2
Olivier Couturier,Couturier,Olivier,olivier,2
Chérif Mballo,Mballo,Chérif,chérif,2
Jérôme David,David,Jérôme,jérôme,2
Gaële Simon,Simon,Gaële,gaële,2
Christine Golbreich,Golbreich,Christine,christine,2
Danièle Hérin,Hérin,Danièle,danièle,2
Guillaume Wisniewski,Wisniewski,Guillaume,guillaume,2
Marie Agier,Agier,Marie,marie,2
Philippe Leray,Leray,Philippe,philippe,2
Luigi Lancieri,Lancieri,Luigi,luigi,2
Salima Benbernou,Benbernou,Salima,salima,2
Mohamed Hammami,Hammami,Mohamed,mohamed,2
Coriane Nana Jipmo,Nana Jipmo,Coriane,coriane,2
Julio Cesar Dos Reis,Cesar Dos Reis,Julio,julio,2
Eric Kergosien,Kergosien,Eric,eric,2
Rokia Bendaoud,Bendaoud,Rokia,rokia,2
Barbara Poulain,Poulain,Barbara,barbara,2
Massih-Reza Amini,Amini,Massih-Reza,massih-reza,2
Raphaël Feraud,Feraud,Raphaël,raphaël,2
Samira Hammiche,Hammiche,Samira,samira,2
Ilham Berrada,Berrada,Ilham,ilham,2
Ismail Kassou,Kassou,Ismail,ismail,2
Mohamed Elati,Elati,Mohamed,mohamed,2
Musab Bairat,Bairat,Musab,musab,2
Alain Gély,Gély,Alain,alain,2
Miguel Couceiro,Couceiro,Miguel,miguel,2
Fosca Giannotti,Giannotti,Fosca,fosca,2
Jérémie Sublime,Sublime,Jérémie,jérémie,2
Sylvain Lefebvre,Lefebvre,Sylvain,sylvain,2
Adnan El Moussawi,El Moussawi,Adnan,adnan,2
Cyril Ray,Ray,Cyril,cyril,2
Mimoun Malki,Malki,Mimoun,mimoun,2
Bernard Dousset,Dousset,Bernard,bernard,2
Sébastien Derivaux,Derivaux,Sébastien,sébastien,2
Lobna Karoui,Karoui,Lobna,lobna,2
Rachid El Meziane,El Meziane,Rachid,rachid,2
Julien Thomas,Thomas,Julien,julien,2
Simon Marcellin,Marcellin,Simon,simon,2
Alexandrina Rogozan,Rogozan,Alexandrina,alexandrina,2
Rodolphe Priam,Priam,Rodolphe,rodolphe,2
Nicolas Faure,Faure,Nicolas,nicolas,2
Bich-Liên Doan,Doan,Bich-Liên,bich-liên,2
Francky Trichet,Trichet,Francky,francky,2
Philippe Rigaux,Rigaux,Philippe,philippe,2
Ludovic Lebart,Lebart,Ludovic,ludovic,2
Gilles Zurfluh,Zurfluh,Gilles,gilles,2
Aurélien Bossard,Bossard,Aurélien,aurélien,2
Sébastien Ferré,Ferré,Sébastien,sébastien,2
M. Nidhal Jelassi,Nidhal Jelassi,M.,m.,2
Victor Codocedo,Codocedo,Victor,victor,2
Julien Aligon,Aligon,Julien,julien,2
Farid Cerbah,Cerbah,Farid,farid,2
Jean-Gabriel Ganascia,Ganascia,Jean-Gabriel,jean-gabriel,2
Tao-Yuan Jen,Jen,Tao-Yuan,tao-yuan,2
Paola Salle,Salle,Paola,paola,2
Rémy Kessler,Kessler,Rémy,rémy,2
Fabien Rico,Rico,Fabien,fabien,2
Pierre Mariot,Mariot,Pierre,pierre,2
Mouhamadou Thiam,Thiam,Mouhamadou,mouhamadou,2
Laurent Tessier,Tessier,Laurent,laurent,2
Gaëtan Blain,Blain,Gaëtan,gaëtan,2
François Rousselot,Rousselot,François,françois,2
Isabelle Tellier,Tellier,Isabelle,isabelle,2
Aldo Napoli,Napoli,Aldo,aldo,2
Sandro Bimonte,Bimonte,Sandro,sandro,2
Cecilia Zanni,Zanni,Cecilia,cecilia,2
Denis Cavallucci,Cavallucci,Denis,denis,2
Jean-Daniel Fekete,Fekete,Jean-Daniel,jean-daniel,2
Patrick Mary,Mary,Patrick,patrick,2
Romain Bourqui,Bourqui,Romain,romain,2
Maylis Delest,Delest,Maylis,maylis,2
Monique Noirhomme-Fraiture,Noirhomme-Fraiture,Monique,monique,2
Nicolas Pecheur,Pecheur,Nicolas,nicolas,2
Henda Ben Ghézala,Ben Ghézala,Henda,henda,2
Marc Joliveau,Joliveau,Marc,marc,2
Zakia Kazi Aoul,Kazi Aoul,Zakia,zakia,2
Damien Leprovost,Leprovost,Damien,damien,2
Marie-Christine Jaulent,Jaulent,Marie-Christine,marie-christine,2
Jason Vallet,Vallet,Jason,jason,2
Nesrine Gabsi,Gabsi,Nesrine,nesrine,2
Kamel Smaïli,Smaïli,Kamel,kamel,2
Fadi Dornaika,Dornaika,Fadi,fadi,2
Fadi Chakik,Chakik,Fadi,fadi,2
Thabet Slimani,Slimani,Thabet,thabet,2
Malika Smail-Tabbone,Smail-Tabbone,Malika,malika,2
Jerry Lonlac,Lonlac,Jerry,jerry,2
Yannick Miras,Miras,Yannick,yannick,2
Aude Beauger,Beauger,Aude,aude,2
Alain Casali,Casali,Alain,alain,2
Adeline Nazarenko,Nazarenko,Adeline,adeline,2
Audrey Baneyx,Baneyx,Audrey,audrey,2
Alexandre Termier,Termier,Alexandre,alexandre,2
Ismail Elsayad,Elsayad,Ismail,ismail,2
Toon Calders,Calders,Toon,toon,2
Marie-Christine Rousset,Rousset,Marie-Christine,marie-christine,2
Boris Chidlovskii,Chidlovskii,Boris,boris,2
Johann Daigremont,Daigremont,Johann,johann,2
Damien Nouvel,Nouvel,Damien,damien,2
Yelen Per,Per,Yelen,yelen,2
Kevin Dalleau,Dalleau,Kevin,kevin,2
Sébastien Mustière,Mustière,Sébastien,sébastien,2
Sébastien Nedjar,Nedjar,Sébastien,sébastien,2
Lotfi Lakhal,Lakhal,Lotfi,lotfi,2
Rosine Cicchetti,Cicchetti,Rosine,rosine,2
Michel Plu,Plu,Michel,michel,2
Brahim Douar,Douar,Brahim,brahim,2
Valentin Loux,Loux,Valentin,valentin,2
Haolin Ren,Ren,Haolin,haolin,2
Marie-Luce Viaud,Viaud,Marie-Luce,marie-luce,2
Gaël Beck,Beck,Gaël,gaël,2
Manel Boumghar,Boumghar,Manel,manel,2
Thomas Cerqueus,Cerqueus,Thomas,thomas,2
Sylvie Cazalens,Cazalens,Sylvie,sylvie,2
Philippe Lamarre,Lamarre,Philippe,philippe,2
Antoine Zimmermann,Zimmermann,Antoine,antoine,2
Abdelmalek Amine,Amine,Abdelmalek,abdelmalek,2
Cyril Labbé,Labbé,Cyril,cyril,2
Yves Mercadier,Mercadier,Yves,yves,2
Jessica Pinaire,Pinaire,Jessica,jessica,2
Loïc Mabit,Mabit,Loïc,loïc,2
Vanda Luengo,Luengo,Vanda,vanda,2
Freddy Limpens,Limpens,Freddy,freddy,2
Emilie Guimier De Neef,Guimier De Neef,Emilie,emilie,2
Amine Abdaoui,Abdaoui,Amine,amine,2
Xavier Dolques,Dolques,Xavier,xavier,2
Marianne Huchard,Huchard,Marianne,marianne,2
Mohamed Benamina,Benamina,Mohamed,mohamed,2
Henda Ben Ghezela Hadjami,Ben Ghezela Hadjami,Henda,henda,2
Claire Toffano-Nioche,Toffano-Nioche,Claire,claire,2
Michel Crampes,Crampes,Michel,michel,2
Jean-Pierre Cahier,Cahier,Jean-Pierre,jean-pierre,2
Jérôme Darmont,Darmont,Jérôme,jérôme,2
L'Hédi Zaher,Zaher,L'Hédi,l'hédi,2
Lionel Chauvin,Chauvin,Lionel,lionel,2
Benoît Grossin,Grossin,Benoît,benoît,2
Israël-César Lerman,Lerman,Israël-César,israël-césar,2
Josiane Mothe,Mothe,Josiane,josiane,2
Nicolas Durand,Durand,Nicolas,nicolas,2
Guillaume Husson,Husson,Guillaume,guillaume,2
Faraz Zaidi,Zaidi,Faraz,faraz,2
Thomas Burger,Burger,Thomas,thomas,2
Najeh Naffakhi,Naffakhi,Najeh,najeh,2
Amélie Cordier,Cordier,Amélie,amélie,2
Guillaume Cabanac,Cabanac,Guillaume,guillaume,2
Gaël Bardury,Bardury,Gaël,gaël,2
Simon Malinowski,Malinowski,Simon,simon,2
Gaël Dias,Dias,Gaël,gaël,2
Sofian Maabout,Maabout,Sofian,sofian,2
Mohamed Mosbah,Mosbah,Mohamed,mohamed,2
Marie Chavent,Chavent,Marie,marie,2
Florent Lalys,Lalys,Florent,florent,2
Laurent Riffaud,Riffaud,Laurent,laurent,2
Brivael Trelhu,Trelhu,Brivael,brivael,2
Pierre Jannin,Jannin,Pierre,pierre,2
Christophe Moulin,Moulin,Christophe,christophe,2
Samir Amir,Amir,Samir,samir,2
Sébastien Da Silva,Da Silva,Sébastien,sébastien,2
Claire Lavigne,Lavigne,Claire,claire,2
Edmundo-Pavel Soriano-Morales,Soriano-Morales,Edmundo-Pavel,edmundo-pavel,2
Aymeric Le Dorze,Le Dorze,Aymeric,aymeric,2
Nicolas Jay,Jay,Nicolas,nicolas,2
Nhat-Quang Doan,Doan,Nhat-Quang,nhat-quang,2
Pierre-Antoine Papon,Papon,Pierre-Antoine,pierre-antoine,2
Thomas Bourquard,Bourquard,Thomas,thomas,2
Sami Zghal,Zghal,Sami,sami,2
Mohamed Nidhal Jelassi,Nidhal Jelassi,Mohamed,mohamed,2
Davide Buscaldi,Buscaldi,Davide,davide,2
Mouna Kamel,Kamel,Mouna,mouna,2
Michaël Aupetit,Aupetit,Michaël,michaël,2
Rokia Missaoui,Missaoui,Rokia,rokia,2
Bernard Gibaud,Gibaud,Bernard,bernard,2
Nouha Othman,Othman,Nouha,nouha,2
Mohamed Dermouche,Dermouche,Mohamed,mohamed,2
David Pierrot,Pierrot,David,david,2
Gilles Hubert,Hubert,Gilles,gilles,2
Patrice Boizumault,Boizumault,Patrice,patrice,2
Mathieu Lafourcade,Lafourcade,Mathieu,mathieu,2
David Combe,Combe,David,david,2
Elod Egyed-Zsigmond,Egyed-Zsigmond,Elod,elod,2
Nizar Messai,Messai,Nizar,nizar,2
Samir Loudni,Loudni,Samir,samir,2
Camille Kurtz,Kurtz,Camille,camille,2
Mehdi Khiari,Khiari,Mehdi,mehdi,2
Ndeye Niang,Niang,Ndeye,ndeye,2
Vincent Labatut,Labatut,Vincent,vincent,2
Anthony Perez,Perez,Anthony,anthony,2
Lina Fahed,Fahed,Lina,lina,2
Chiheb-Eddine Ben N’Cir,Ben N’Cir,Chiheb-Eddine,chiheb-eddine,2
Philippe Preux,Preux,Philippe,philippe,2
Albert Bifet,Bifet,Albert,albert,2
Henri Ralambondrainy,Ralambondrainy,Henri,henri,2
Christophe Salperwyck,Salperwyck,Christophe,christophe,2
Dominique Haoyuan Li,Haoyuan Li,Dominique,dominique,2
Jean-Marc Ogier,Ogier,Jean-Marc,jean-marc,2
Nadia Kabachi,Kabachi,Nadia,nadia,2
Pierre-René Lhérisson,Lhérisson,Pierre-René,pierre-rené,2
Nicolas Lumineau,Lumineau,Nicolas,nicolas,2
Edmond Lassalle,Lassalle,Edmond,edmond,2
Pierre-Nicolas Mougel,Mougel,Pierre-Nicolas,pierre-nicolas,2
Mickaël Coustaty,Coustaty,Mickaël,mickaël,2
Vincent Courboulay,Courboulay,Vincent,vincent,2
Mariem Mahfoudh,Mahfoudh,Mariem,mariem,2
Laurent Thiry,Thiry,Laurent,laurent,2
Nouria Harbi,Harbi,Nouria,nouria,2
David Werner,Werner,David,david,2
Christophe Cruz,Cruz,Christophe,christophe,2
Nicolas Médoc,Médoc,Nicolas,nicolas,2
Dan Simovici,Simovici,Dan,dan,2
François Role,Role,François,françois,2
Siham Boulaknadel,Boulaknadel,Siham,siham,2
Elisabeth Métais,Métais,Elisabeth,elisabeth,2
Cédric Maigrot,Maigrot,Cédric,cédric,2
Manuel Pozo,Pozo,Manuel,manuel,2
William Raynaut,Raynaut,William,william,2
Lougmiri Zekri,Zekri,Lougmiri,lougmiri,2
William Correa Beltran,Correa Beltran,William,william,2
Natalia Grabar,Grabar,Natalia,natalia,2
Claudia Marinica,Marinica,Claudia,claudia,2
Abdeljalil Elouardighi,Elouardighi,Abdeljalil,abdeljalil,1
Mohcine Maghfour,Maghfour,Mohcine,mohcine,1
Hafdalla Hammia,Hammia,Hafdalla,hafdalla,1
Elyase Lassouli,Lassouli,Elyase,elyase,1
Yasmine Mesbahi,Mesbahi,Yasmine,yasmine,1
Camille Pradel,Pradel,Camille,camille,1
Damien Sileo,Sileo,Damien,damien,1
Marwan Batrouni,Batrouni,Marwan,marwan,1
Bruno Gaume,Gaume,Bruno,bruno,1
Louis Ferré,Ferré,Louis,louis,1
Yeow Wei Choong,Wei Choong,Yeow,yeow,1
Pierre Maussion,Maussion,Pierre,pierre,1
Hassina Mouloudi,Mouloudi,Hassina,hassina,1
Valérie Beaudouin,Beaudouin,Valérie,valérie,1
Nathalie Vergnaud,Vergnaud,Nathalie,nathalie,1
Mihaela Scuturici,Scuturici,Mihaela,mihaela,1
Amel Bouzeghoub,Bouzeghoub,Amel,amel,1
Jean-Pierre Asté,Asté,Jean-Pierre,jean-pierre,1
authors,,authors,authors,1
Julien Longhi,Longhi,Julien,julien,1
Rim Al Hulou,Al Hulou,Rim,rim,1
Lamis Hawarah,Hawarah,Lamis,lamis,1
Ana Simonet,Simonet,Ana,ana,1
Huaiyu Fu,Fu,Huaiyu,huaiyu,1
Patrick Njiwoua,Njiwoua,Patrick,patrick,1
Oswaldo Castillo,Castillo,Oswaldo,oswaldo,1
Jean-Louis Ermine,Ermine,Jean-Louis,jean-louis,1
Eric Salvat,Salvat,Eric,eric,1
Stéphanie Chapaux,Chapaux,Stéphanie,stéphanie,1
Hicham Hajji,Hajji,Hicham,hicham,1
Nourdine Badji,Badji,Nourdine,nourdine,1
Séverine Lair,Lair,Séverine,séverine,1
Wen Zhang,Zhang,Wen,wen,1
Phillipe Lamarre,Lamarre,Phillipe,phillipe,1
Laura Giustarini,Giustarini,Laura,laura,1
Olivier Faber,Faber,Olivier,olivier,1
Renaud Hostache,Hostache,Renaud,renaud,1
Ivonne Trebs,Trebs,Ivonne,ivonne,1
Fadhela Kerdjoudj,Kerdjoudj,Fadhela,fadhela,1
Cédric Pruski,Pruski,Cédric,cédric,1
Chantal Reynaud-Delaître,Reynaud-Delaître,Chantal,chantal,1
Jordan Frery,Frery,Jordan,jordan,1
Mihaela Juganaru-Mathieu,Juganaru-Mathieu,Mihaela,mihaela,1
Benjamin Gras,Gras,Benjamin,benjamin,1
Blaise Hanczar,Hanczar,Blaise,blaise,1
Hadjer Belaicha,Belaicha,Hadjer,hadjer,1
Niña Kerry,Kerry,Niña,niña,1
Fethi Belghaouti,Belghaouti,Fethi,fethi,1
Troullinos Michalis,Michalis,Troullinos,troullinos,1
Tsitsanis Anastasios,Anastasios,Tsitsanis,tsitsanis,1
Ioanna Giannopoulou,Giannopoulou,Ioanna,ioanna,1
Torben Bach Pedersen,Bach Pedersen,Torben,torben,1
Yuichiro Kase,Kase,Yuichiro,yuichiro,1
Takao Miura,Miura,Takao,takao,1
Tugdual Sarazin,Sarazin,Tugdual,tugdual,1
Meriem Amina Zingla,Amina Zingla,Meriem,meriem,1
C. Thao,Thao,C.,c.,1
R. Trinquart,Trinquart,R.,r.,1
Freddy Lécué,Lécué,Freddy,freddy,1
Michel Lutz,Lutz,Michel,michel,1
Matthieu Lagacherie,Lagacherie,Matthieu,matthieu,1
Moditha Hewasinghage,Hewasinghage,Moditha,moditha,1
Suela Isaj,Isaj,Suela,suela,1
Ewa Kijak,Kijak,Ewa,ewa,1
Bertjan Broeksema,Broeksema,Bertjan,bertjan,1
Lionel Tabourier,Tabourier,Lionel,lionel,1
Anne-Sophie Libert,Libert,Anne-Sophie,anne-sophie,1
Renaud Lambiotte,Lambiotte,Renaud,renaud,1
Ted Gueniche,Gueniche,Ted,ted,1
Philippe Fournier-Viger,Fournier-Viger,Philippe,philippe,1
Ilef Ben Slima,Ben Slima,Ilef,ilef,1
Amel Borgi,Borgi,Amel,amel,1
Sayda Elmi,Elmi,Sayda,sayda,1
Karim Benouaret,Benouaret,Karim,karim,1
Meryem Talha,Talha,Meryem,meryem,1
Papantoniou Katerina,Katerina,Papantoniou,papantoniou,1
Athanasiadis Marios - Lazaros,Marios - Lazaros,Athanasiadis,athanasiadis,1
Fundulaki Irini,Irini,Fundulaki,fundulaki,1
Georgis Christos,Christos,Georgis,georgis,1
Stavrakas Yannis,Yannis,Stavrakas,stavrakas,1
Masaki Endo,Endo,Masaki,masaki,1
Mohamed Anis Bach Tobji,Anis Bach Tobji,Mohamed,mohamed,1
Vincent Besson,Besson,Vincent,vincent,1
Manel Achichi,Achichi,Manel,manel,1
Zohra Bellahsene,Bellahsene,Zohra,zohra,1
Konstantin Todorov,Todorov,Konstantin,konstantin,1
Rosanne Vetro,Vetro,Rosanne,rosanne,1
Kaixun Hua,Hua,Kaixun,kaixun,1
Charles Bouveyron,Bouveyron,Charles,charles,1
Julien Jacques,Jacques,Julien,julien,1
Marc Legeay,Legeay,Marc,marc,1
Issam Falih,Falih,Issam,issam,1
Manel Hmimida,Hmimida,Manel,manel,1
Mohamed Ettaleb,Ettaleb,Mohamed,mohamed,1
Yahia Slimani,Slimani,Yahia,yahia,1
Aghiles Salah,Salah,Aghiles,aghiles,1
Laurent Castanié,Castanié,Laurent,laurent,1
Bruno Conche,Conche,Bruno,bruno,1
Ayoub Karine,Karine,Ayoub,ayoub,1
Mohammed El Hassouni,El Hassouni,Mohammed,mohammed,1
George Portides,Portides,George,george,1
Hubert Wassner,Wassner,Hubert,hubert,1
Lynda Khiali,Khiali,Lynda,lynda,1
Tony Bourdier,Bourdier,Tony,tony,1
Moez Baccouche,Baccouche,Moez,moez,1
Mahfoud Bala,Bala,Mahfoud,mahfoud,1
Oussama Mokeddem,Mokeddem,Oussama,oussama,1
Zaia Alimazighi,Alimazighi,Zaia,zaia,1
Rami BELKAROUI,BELKAROUI,Rami,rami,1
Marc Le Pouliquen,Le Pouliquen,Marc,marc,1
Moustafa Bensafi,Bensafi,Moustafa,moustafa,1
Masaharu Hirota,Hirota,Masaharu,masaharu,1
Kheira Mechach,Mechach,Kheira,kheira,1
Mustapha Kamel Abdi,Kamel Abdi,Mustapha,mustapha,1
Chengcheng Mu,Mu,Chengcheng,chengcheng,1
Mohamed Chebel,Chebel,Mohamed,mohamed,1
Clément Charnay,Charnay,Clément,clément,1
Morten Middelfart,Middelfart,Morten,morten,1
David Taniar,Taniar,David,david,1
Thomas Baudel,Baudel,Thomas,thomas,1
Violaine Antoine,Antoine,Violaine,violaine,1
Mohammed Ghesmoune,Ghesmoune,Mohammed,mohammed,1
Pierre Maillot,Maillot,Pierre,pierre,1
Patricia Conde-Céspedes,Conde-Céspedes,Patricia,patricia,1
Sandra Mellot,Mellot,Sandra,sandra,1
Julien Ah-Pine,Ah-Pine,Julien,julien,1
Xinyu Wang,Wang,Xinyu,xinyu,1
François Meunier,Meunier,François,françois,1
Alexandra Degeest,Degeest,Alexandra,alexandra,1
Benoît Frénay,Frénay,Benoît,benoît,1
Michel Verleysen,Verleysen,Michel,michel,1
Jim Hendler,Hendler,Jim,jim,1
Shohei Yokoyama,Yokoyama,Shohei,shohei,1
Hiroshi Ishikawa,Ishikawa,Hiroshi,hiroshi,1
Zakaria Boulouard,Boulouard,Zakaria,zakaria,1
Amine El Haddadi,El Haddadi,Amine,amine,1
Anass El Haddadi,El Haddadi,Anass,anass,1
Lahcen Koutti,Koutti,Lahcen,lahcen,1
Abdelhadi Fennan,Fennan,Abdelhadi,abdelhadi,1
Romain Tavenard,Tavenard,Romain,romain,1
Thomas Hecht,Hecht,Thomas,thomas,1
Cássia Trojahn dos Santos,Trojahn dos Santos,Cássia,cássia,1
Rushed Kanawati,Kanawati,Rushed,rushed,1
Zakia Kazi-aoul,Kazi-aoul,Zakia,zakia,1
Jean-Pierre Chabriat,Chabriat,Jean-Pierre,jean-pierre,1
Thomas Baerecke,Baerecke,Thomas,thomas,1
Khaled Dehdou,Dehdou,Khaled,khaled,1
Boris Baldassari,Baldassari,Boris,boris,1
Flavien Huynh,Huynh,Flavien,flavien,1
Billel Arres,Arres,Billel,billel,1
Tarek Benkhelif,Benkhelif,Tarek,tarek,1
Gaëtan Caillaut,Caillaut,Gaëtan,gaëtan,1
Oussama Ahmia,Ahmia,Oussama,oussama,1
Roland Kotto-Kombi,Kotto-Kombi,Roland,roland,1
Tita Kyriacopoulou,Kyriacopoulou,Tita,tita,1
Claude Martineau,Martineau,Claude,claude,1
Cristian Martinez,Martinez,Cristian,cristian,1
Adrien Guilhot-Gaudeffroy,Guilhot-Gaudeffroy,Adrien,adrien,1
Julie Bernauer,Bernauer,Julie,julie,1
Marie Arcadias,Arcadias,Marie,marie,1
Chiheb-Eddine Ben N&#146;Cir,Ben N&#146;Cir,Chiheb-Eddine,chiheb-eddine,1
Flavien Bouillot,Bouillot,Flavien,flavien,1
Thomas Lebarbé,Lebarbé,Thomas,thomas,1
Caroline Collet,Collet,Caroline,caroline,1
Alexandre Pauchet,Pauchet,Alexandre,alexandre,1
Laurent Vercouter,Vercouter,Laurent,laurent,1
Bernhard Pfahringer,Pfahringer,Bernhard,bernhard,1
Alban Meffre,Meffre,Alban,alban,1
Christophe Collet,Collet,Christophe,christophe,1
Nesrine Hassini,Hassini,Nesrine,nesrine,1
Blaise Ngonmang,Ngonmang,Blaise,blaise,1
Audrey Laplante,Laplante,Audrey,audrey,1
Sameh Megrhi,Megrhi,Sameh,sameh,1
Azeddine Beghdadi,Beghdadi,Azeddine,azeddine,1
Wided Souidène,Souidène,Wided,wided,1
Jean Daniel Lan-Sun-Luk,Daniel Lan-Sun-Luk,Jean,jean,1
Julien Zarka,Zarka,Julien,julien,1
Emmanuel Roux,Roux,Emmanuel,emmanuel,1
Anne-Elisabeth Laques,Laques,Anne-Elisabeth,anne-elisabeth,1
Eric Delaître,Delaître,Eric,eric,1
Laurent Demagistri,Demagistri,Laurent,laurent,1
Yann Dauxais,Dauxais,Yann,yann,1
David Gross-Amblard,Gross-Amblard,David,david,1
André Happe,Happe,André,andré,1
Elena Cabrio,Cabrio,Elena,elena,1
Zhi Cheng,Cheng,Zhi,zhi,1
Benjamin Hervy,Hervy,Benjamin,benjamin,1
Matthieu Quantin,Quantin,Matthieu,matthieu,1
Perrine Pittet,Pittet,Perrine,perrine,1
Kenza Kellou-Menouer,Kellou-Menouer,Kenza,kenza,1
Elise Desmier,Desmier,Elise,elise,1
Hela Masmoudi,Masmoudi,Hela,hela,1
Mathieu Castets,Castets,Mathieu,mathieu,1
Pascal Degenne,Degenne,Pascal,pascal,1
Danny Lo Seen,Lo Seen,Danny,danny,1
Abdelfettah Feliachi,Feliachi,Abdelfettah,abdelfettah,1
Sébastien Heymann,Heymann,Sébastien,sébastien,1
Bissan Audeh,Audeh,Bissan,bissan,1
Philippe Beaune,Beaune,Philippe,philippe,1
Pierre Chauveau Thoumelin,Chauveau Thoumelin,Pierre,pierre,1
Dominic Forest,Forest,Dominic,dominic,1
Adrien Gressin,Gressin,Adrien,adrien,1
Clément Mallet,Mallet,Clément,clément,1
Nicolas Paparoditis,Paparoditis,Nicolas,nicolas,1
Régis Clouard,Clouard,Régis,régis,1
Ghada Landoulsi,Landoulsi,Ghada,ghada,1
Jean-François Marcotorchino,Marcotorchino,Jean-François,jean-françois,1
Aimene Belfodil,Belfodil,Aimene,aimene,1
Duc Kinh Le Tran,Kinh Le Tran,Duc,duc,1
Abdellah Sabry,Sabry,Abdellah,abdellah,1
Sonia Djebali,Djebali,Sonia,sonia,1
Clément Christophe,Christophe,Clément,clément,1
Rabia Azzi,Azzi,Rabia,rabia,1
Jérôme Nobécourt,Nobécourt,Jérôme,jérôme,1
Ioannis Partalas,Partalas,Ioannis,ioannis,1
Pierre-Alain Avouac,Avouac,Pierre-Alain,pierre-alain,1
Matthieu Osmuk,Osmuk,Matthieu,matthieu,1
Domoina Rabarijaona,Rabarijaona,Domoina,domoina,1
Dana Popovici,Popovici,Dana,dana,1
Emmanuelle Grislin-Le Strugeon,Grislin-Le Strugeon,Emmanuelle,emmanuelle,1
Roberto Marroquin,Marroquin,Roberto,roberto,1
Julien Dubois,Dubois,Julien,julien,1
Emna Amdouni,Amdouni,Emna,emna,1
Pascal Cheung Mon Chan,Cheung Mon Chan,Pascal,pascal,1
Frédéric Dumonceaux,Dumonceaux,Frédéric,frédéric,1
Guillaume Raschia,Raschia,Guillaume,guillaume,1
Marc Gelgon,Gelgon,Marc,marc,1
Mory Ouattara,Ouattara,Mory,mory,1
Didier Dubois,Dubois,Didier,didier,1
Yves Laprie,Laprie,Yves,yves,1
Tova Milo,Milo,Tova,tova,1
Dana Codreanu,Codreanu,Dana,dana,1
Soumia Melzi,Melzi,Soumia,soumia,1
Florence Galtier,Galtier,Florence,florence,1
Antonio Penta,Penta,Antonio,antonio,1
Yoan Chabot,Chabot,Yoan,yoan,1
Tahar Kechadi,Kechadi,Tahar,tahar,1
Belhaj Rhouma Sourour,Rhouma Sourour,Belhaj,belhaj,1
Asma Ben Achour,Ben Achour,Asma,asma,1
Malek Hajjem,Hajjem,Malek,malek,1
Fayrouz Soualah Alila,Soualah Alila,Fayrouz,fayrouz,1
Florence Mendes,Mendes,Florence,florence,1
Seifeddine Mechti,Mechti,Seifeddine,seifeddine,1
Maher Jaoua,Jaoua,Maher,maher,1
Lamia Hadrich Belguith,Hadrich Belguith,Lamia,lamia,1
Gu&#776;nce Keziban Orman,Keziban Orman,Gu&#776;nce,gu&#776;nce,1
Kafil Hajlaoui,Hajlaoui,Kafil,kafil,1
Daniel Rubin,Rubin,Daniel,daniel,1
Célia Da Costa Pereira,Da Costa Pereira,Célia,célia,1
Daniel Rocacher,Rocacher,Daniel,daniel,1
Noureddine Yacine Nair Benrekia,Yacine Nair Benrekia,Noureddine,noureddine,1
Baya Naouel Barigou,Naouel Barigou,Baya,baya,1
Sylvie Gibet,Gibet,Sylvie,sylvie,1
Clément Reverdy,Reverdy,Clément,clément,1
Karim Tabia,Tabia,Karim,karim,1
Fabian Suchanek,Suchanek,Fabian,fabian,1
Willy Ugarte,Ugarte,Willy,willy,1
Patrick Lloret,Lloret,Patrick,patrick,1
Thomas Devogele,Devogele,Thomas,thomas,1
Nicolas Greffard,Greffard,Nicolas,nicolas,1
Dumitru-Clementin Cercel,Cercel,Dumitru-Clementin,dumitru-clementin,1
Stefan Trausan-Matu,Trausan-Matu,Stefan,stefan,1
Youcef Bouziane,Bouziane,Youcef,youcef,1
Naouel Barigou,Barigou,Naouel,naouel,1
Cassio Melo,Melo,Cassio,cassio,1
Mohamed Hamdaoui,Hamdaoui,Mohamed,mohamed,1
Dung Bui,Bui,Dung,dung,1
Rania Gasri,Gasri,Rania,rania,1
Fouad Badran,Badran,Fouad,fouad,1
Corinne Mandin,Mandin,Corinne,corinne,1
Jean-Philippe Métivier,Métivier,Jean-Philippe,jean-philippe,1
Thierry Charnois,Charnois,Thierry,thierry,1
Ahlem Othmani,Othmani,Ahlem,ahlem,1
Marco Attene,Attene,Marco,marco,1
Jean-Marie Favreau,Favreau,Jean-Marie,jean-marie,1
Marion Moulinou,Moulinou,Marion,marion,1
Eric Fourboul,Fourboul,Eric,eric,1
Brice Olivier,Olivier,Brice,brice,1
Hong Diep Tran,Diep Tran,Hong,hong,1
Rabah Mazouzi,Mazouzi,Rabah,rabah,1
Rabih Taleb,Taleb,Rabih,rabih,1
Lynda Seddiki,Seddiki,Lynda,lynda,1
Kevin Guelton,Guelton,Kevin,kevin,1
Gabriel Frey,Frey,Gabriel,gabriel,1
Julie Dawn Thompson,Dawn Thompson,Julie,julie,1
Mohamed K. El Mahrsi,K. El Mahrsi,Mohamed,mohamed,1
Stéphane Lamassé,Lamassé,Stéphane,stéphane,1
Julien Alerini,Alerini,Julien,julien,1
Cyril Broilliard,Broilliard,Cyril,cyril,1
Philippe Simonnot,Simonnot,Philippe,philippe,1
Gamze Saygi,Saygi,Gamze,gamze,1
Hemza Ficel,Ficel,Hemza,hemza,1
Mohamed Ramzi Haddad,Ramzi Haddad,Mohamed,mohamed,1
Luciano Gervasoni,Gervasoni,Luciano,luciano,1
Serge Fenet,Fenet,Serge,serge,1
Peter Sturm,Sturm,Peter,peter,1
Xavier Mazur,Mazur,Xavier,xavier,1
Haithem Ghorbel,Ghorbel,Haithem,haithem,1
Clémentine Nebut,Nebut,Clémentine,clémentine,1
Aymen Sellaouti,Sellaouti,Aymen,aymen,1
Atef Hamouda,Hamouda,Atef,atef,1
Aline Deruyver,Deruyver,Aline,aline,1
Zoubida Kedad,Kedad,Zoubida,zoubida,1
Thomas Dietenbeck,Dietenbeck,Thomas,thomas,1
Samuel Phan,Phan,Samuel,samuel,1
Damien M. de Vienne,M. de Vienne,Damien,damien,1
Florence D'Alche-Buc,D'Alche-Buc,Florence,florence,1
Chahrazed Bouhini,Bouhini,Chahrazed,chahrazed,1
Afef Zenned,Zenned,Afef,afef,1
Marouen Kachroudi,Kachroudi,Marouen,marouen,1
Cheikh Niang,Niang,Cheikh,cheikh,1
Alban Lepailleur,Lepailleur,Alban,alban,1
Bin-Hui Chou,Chou,Bin-Hui,bin-hui,1
Catherine Comparot,Comparot,Catherine,catherine,1
Manuel Bouillon,Bouillon,Manuel,manuel,1
Eric Anquetil,Anquetil,Eric,eric,1
Abdullah Almaksour,Almaksour,Abdullah,abdullah,1
Rim Touhami,Touhami,Rim,rim,1
Maxime Maillot,Maillot,Maxime,maxime,1
Vincent Forissier,Forissier,Vincent,vincent,1
Moussa Lo,Lo,Moussa,moussa,1
Yacine Sam,Sam,Yacine,yacine,1
Olivier Champalle,Champalle,Olivier,olivier,1
Karim Sehaba,Sehaba,Karim,karim,1
Sylvain Dormieu,Dormieu,Sylvain,sylvain,1
Modou Gueye,Gueye,Modou,modou,1
Sabiha Tahrat,Tahrat,Sabiha,sabiha,1
Fionn Murtagh,Murtagh,Fionn,fionn,1
Ghada Besbes,Besbes,Ghada,ghada,1
Hajer Baazaoui-Zghal,Baazaoui-Zghal,Hajer,hajer,1
Henda Ben Ghezela,Ben Ghezela,Henda,henda,1
Thi-Bich-Hanh Dao,Dao,Thi-Bich-Hanh,thi-bich-hanh,1
Chedi Bechikh Ali,Bechikh Ali,Chedi,chedi,1
Hatem Haddad,Haddad,Hatem,hatem,1
Estelle Delpech,Delpech,Estelle,estelle,1
Léa Laporte,Laporte,Léa,léa,1
Paula Brito,Brito,Paula,paula,1
Laurent Vezard,Vezard,Laurent,laurent,1
Khanh-Chuong Duong,Duong,Khanh-Chuong,khanh-chuong,1
Hoang-Tung Tran,Tran,Hoang-Tung,hoang-tung,1
Elisa Fromont,Fromont,Elisa,elisa,1
Adrien Martins,Martins,Adrien,adrien,1
Laurent Garcia,Garcia,Laurent,laurent,1
Mohamed Charouel,Charouel,Mohamed,mohamed,1
Minyar Sassi-Hidri,Sassi-Hidri,Minyar,minyar,1
Mohamed Ali Zoghlami,Ali Zoghlami,Mohamed,mohamed,1
Nesrine Ben Yahia,Ben Yahia,Nesrine,nesrine,1
Narjès Bellamine Ben Saoud,Bellamine Ben Saoud,Narjès,narjès,1
Henda Hajjami Ben Ghezala,Hajjami Ben Ghezala,Henda,henda,1
Elias Egho,Egho,Elias,elias,1
Tianyang Liu,Liu,Tianyang,tianyang,1
Béatrice Bouchou,Bouchou,Béatrice,béatrice,1
Fatma Chamekh,Chamekh,Fatma,fatma,1
Guilaine Talens,Talens,Guilaine,guilaine,1
Quentin Brabant,Brabant,Quentin,quentin,1
Fabien Labernia,Labernia,Fabien,fabien,1
Jules Chevalier,Chevalier,Jules,jules,1
Mojdeh Soltanmohammadi,Soltanmohammadi,Mojdeh,mojdeh,1
Thérèse Libourel,Libourel,Thérèse,thérèse,1
Christophe Fagot,Fagot,Christophe,christophe,1
Ciprian-Octavian Truica,Truica,Ciprian-Octavian,ciprian-octavian,1
Tias Guns,Guns,Tias,tias,1
Pierre-Loup Barazzutti,Barazzutti,Pierre-Loup,pierre-loup,1
Christophe Ducottet,Ducottet,Christophe,christophe,1
Maha Amami,Amami,Maha,maha,1
Sergei O. Kuznetsov,O. Kuznetsov,Sergei,sergei,1
Juraj Macko,Macko,Juraj,juraj,1
Wagner Meira Jr,Meira Jr,Wagner,wagner,1
Julien Clauzel,Clauzel,Julien,julien,1
Hassan Chouaib,Chouaib,Hassan,hassan,1
Florence Cloppet,Cloppet,Florence,florence,1
Salvatore-Antoine Tabbone,Tabbone,Salvatore-Antoine,salvatore-antoine,1
Fatma Karem,Karem,Fatma,fatma,1
Mounir Dhibi,Dhibi,Mounir,mounir,1
The Anh Dang,Anh Dang,The,the,1
Bilal Idiri,Idiri,Bilal,bilal,1
Catherine Roussey,Roussey,Catherine,catherine,1
Oscar Corcho,Corcho,Oscar,oscar,1
Ond&#711;rej Šváb-Zamazal,Šváb-Zamazal,Ond&#711;rej,ond&#711;rej,1
François Scharffe,Scharffe,François,françois,1
Stephan Bernard,Bernard,Stephan,stephan,1
Fatma Hamdi,Hamdi,Fatma,fatma,1
Cécile Barat,Barat,Cécile,cécile,1
Céline Alec,Alec,Céline,céline,1
Chowdhury Farhan Ahmed,Farhan Ahmed,Chowdhury,chowdhury,1
Vivien Kraus,Kraus,Vivien,vivien,1
Frederic Cherqui,Cherqui,Frederic,frederic,1
Salma Chaieb,Chaieb,Salma,salma,1
Véronique Delcroix,Delcroix,Véronique,véronique,1
Ali Ben Mrad,Ben Mrad,Ali,ali,1
François Di Cioccio,Di Cioccio,François,françois,1
Colin Leverger,Leverger,Colin,colin,1
Régis Marguerie,Marguerie,Régis,régis,1
Adriana Prado,Prado,Adriana,adriana,1
Ekaterina Simonenko,Simonenko,Ekaterina,ekaterina,1
Asma Ben Zakour,Ben Zakour,Asma,asma,1
Marc Sistiaga,Sistiaga,Marc,marc,1
Kouhei Takemoto,Takemoto,Kouhei,kouhei,1
Pierrick Legrand,Legrand,Pierrick,pierrick,1
Frédérique Faïta-Aïnseba,Faïta-Aïnseba,Frédérique,frédérique,1
Julien Cumin,Cumin,Julien,julien,1
Fabien Rouge,Rouge,Fabien,fabien,1
Christian Surace,Surace,Christian,christian,1
Sabine Surdu,Surdu,Sabine,sabine,1
Asma Gharbi,Gharbi,Asma,asma,1
Mira Abboud,Abboud,Mira,mira,1
Hala Naja,Naja,Hala,hala,1
Mourad Oussalah,Oussalah,Mourad,mourad,1
Mohamad Dbouk,Dbouk,Mohamad,mohamad,1
Christine Martin,Martin,Christine,christine,1
Renata Ghisloti,Ghisloti,Renata,renata,1
Christian Belbeze,Belbeze,Christian,christian,1
Christopher Kermorvant,Kermorvant,Christopher,christopher,1
Md Shadman Rafid,Shadman Rafid,Md,md,1
Mohammad Mazedul Islam,Mazedul Islam,Mohammad,mohammad,1
Md Naimul Hoque,Naimul Hoque,Md,md,1
Karima Dhouib,Dhouib,Karima,karima,1
Filipe M. de Melo,M. de Melo,Filipe,filipe,1
Shigeru Takano,Takano,Shigeru,shigeru,1
Marinette Amirault-Thébault,Amirault-Thébault,Marinette,marinette,1
Nicolas Creff,Creff,Nicolas,nicolas,1
Willy Allègre,Allègre,Willy,willy,1
Pascal Berruet,Berruet,Pascal,pascal,1
Jean-Yves Antoine,Antoine,Jean-Yves,jean-yves,1
Michel Tenenhaus,Tenenhaus,Michel,michel,1
Catherine Dominguès,Dominguès,Catherine,catherine,1
Fayrouz Soualah-Alila,Soualah-Alila,Fayrouz,fayrouz,1
Donato Malerba,Malerba,Donato,donato,1
Béatrice Fuchs,Fuchs,Béatrice,béatrice,1
Otman Manad,Manad,Otman,otman,1
Nourredine Aliane,Aliane,Nourredine,nourredine,1
Gilles Bernard,Bernard,Gilles,gilles,1
Laurent Sebag,Sebag,Laurent,laurent,1
Sébastien Lafon,Lafon,Sébastien,sébastien,1
Mustapha Aznag,Aznag,Mustapha,mustapha,1
Mohamed Quafafou,Quafafou,Mohamed,mohamed,1
Yoann Didry,Didry,Yoann,yoann,1
Jannaï Tokotoko,Tokotoko,Jannaï,jannaï,1
Claire Goiran,Goiran,Claire,claire,1
Laetitia Hédouin,Hédouin,Laetitia,laetitia,1
Antoine Collin,Collin,Antoine,antoine,1
Nicolas Kieffer,Kieffer,Nicolas,nicolas,1
Thi-Bich-Ngoc Hoang,Hoang,Thi-Bich-Ngoc,thi-bich-ngoc,1
Iuri D. Nogueira,D. Nogueira,Iuri,iuri,1
Maram Romdhane,Romdhane,Maram,maram,1
Zahi Jarir,Jarir,Zahi,zahi,1
Rachid Aknouche,Aknouche,Rachid,rachid,1
Daniel Keim,Keim,Daniel,daniel,1
Toader Gherasim,Gherasim,Toader,toader,1
Giuseppe Berio,Berio,Giuseppe,giuseppe,1
Tarek Yahiaoui,Yahiaoui,Tarek,tarek,1
Abdelheq Et-tahir Guettala,Et-tahir Guettala,Abdelheq,abdelheq,1
Thanh-Nghi Doan,Doan,Thanh-Nghi,thanh-nghi,1
Helen Purchase,Purchase,Helen,helen,1
Emilien Perrin,Perrin,Emilien,emilien,1
Francois Queyroi,Queyroi,Francois,francois,1
Asma Zoghlami,Zoghlami,Asma,asma,1
Karima Zayrit,Zayrit,Karima,karima,1
Eric Desjardin,Desjardin,Eric,eric,1
Hugo Alatrista Salas,Alatrista Salas,Hugo,hugo,1
Julien Giudici,Giudici,Julien,julien,1
Hervé Janiaut,Janiaut,Hervé,hervé,1
Rémy Gautier,Gautier,Rémy,rémy,1
Benjamin Rosoor,Rosoor,Benjamin,benjamin,1
Sandra Dérozier,Dérozier,Sandra,sandra,1
Jean-Baptiste Bohuon,Bohuon,Jean-Baptiste,jean-baptiste,1
Éric Gaussier,Gaussier,Éric,éric,1
Julien Schluth,Schluth,Julien,julien,1
Quang-Thang Dinh,Dinh,Quang-Thang,quang-thang,1
Dhouha Grissa,Grissa,Dhouha,dhouha,1
Mohamed Nabil Saidi,Nabil Saidi,Mohamed,mohamed,1
Cristina Tîrnauca,Tîrnauca,Cristina,cristina,1
Jacques Blanc-Talon,Blanc-Talon,Jacques,jacques,1
Antoine Paglia,Paglia,Antoine,antoine,1
Martial Phélippé-Guinvarc'h,Phélippé-Guinvarc'h,Martial,martial,1
Yousra Chabchoub,Chabchoub,Yousra,yousra,1
Amyn Bennamane,Bennamane,Amyn,amyn,1
Arnaud Ansiaux,Ansiaux,Arnaud,arnaud,1
Alain Cagnati,Cagnati,Alain,alain,1
Maria Malek,Malek,Maria,maria,1
Houda Fyad,Fyad,Houda,houda,1
Karim Bouamrane,Bouamrane,Karim,karim,1
Antonio Balzanella,Balzanella,Antonio,antonio,1
Lidia Rivoli,Rivoli,Lidia,lidia,1
Rosanna Verde,Verde,Rosanna,rosanna,1
François Petitjean,Petitjean,François,françois,1
Xiaoyue Ma,Ma,Xiaoyue,xiaoyue,1
Haikel Megrahi,Megrahi,Haikel,haikel,1
Nouha Omrane,Omrane,Nouha,nouha,1
Zaineb Chelly Dagdia,Chelly Dagdia,Zaineb,zaineb,1
Christine Zarges,Zarges,Christine,christine,1
Reynald Eugenie,Eugenie,Reynald,reynald,1
Robin Brochier,Brochier,Robin,robin,1
Benjamin Rothan,Rothan,Benjamin,benjamin,1
Robert Bossy,Bossy,Robert,robert,1
Louise Deléger,Deléger,Louise,louise,1
Alain Shakour,Shakour,Alain,alain,1
Mohamed Nader Jelassi,Nader Jelassi,Mohamed,mohamed,1
Baptiste de La Robertie,de La Robertie,Baptiste,baptiste,1
Teddy Debroutelle,Debroutelle,Teddy,teddy,1
Aladine Chetouani,Chetouani,Aladine,aladine,1
Sylvie Treuillet,Treuillet,Sylvie,sylvie,1
Sébastien Jesset,Jesset,Sébastien,sébastien,1
Djamal Belkasmi,Belkasmi,Djamal,djamal,1
Hamid Azzoune,Azzoune,Hamid,hamid,1
Zina Bouattou,Bouattou,Zina,zina,1
Adrien Dufraux,Dufraux,Adrien,adrien,1
Benjamin Renoust,Renoust,Benjamin,benjamin,1
Rania Soussi,Soussi,Rania,rania,1
Lassaâd Mejri,Mejri,Lassaâd,lassaâd,1
Ahmed Maalel,Maalel,Ahmed,ahmed,1
Habib Hadj Mabrouk,Hadj Mabrouk,Habib,habib,1
Wilfried Despagne,Despagne,Wilfried,wilfried,1
Pavel Arapov,Arapov,Pavel,pavel,1
Sébastien Comos,Comos,Sébastien,sébastien,1
Guillaume Erétéo,Erétéo,Guillaume,guillaume,1
Rania Khefifi,Khefifi,Rania,rania,1
Dieudonné Tchuente,Tchuente,Dieudonné,dieudonné,1
Nadine Baptiste-Jessel,Baptiste-Jessel,Nadine,nadine,1
Jian Pei,Pei,Jian,jian,1
Mihaela Breaban,Breaban,Mihaela,mihaela,1
Henri Luchian,Luchian,Henri,henri,1
Ahmed Bounekkar,Bounekkar,Ahmed,ahmed,1
Abdoulaye Sarr,Sarr,Abdoulaye,abdoulaye,1
Annabelle Boutet,Boutet,Annabelle,annabelle,1
Jocelyne Tremenbert,Tremenbert,Jocelyne,jocelyne,1
Prem Kumar Casimir,Kumar Casimir,Prem,prem,1
Teddy Boula,Boula,Teddy,teddy,1
Saso Dzeroski,Dzeroski,Saso,saso,1
Sathya Prabhu Kumar,Prabhu Kumar,Sathya,sathya,1
Eric Gressier-Soudan,Gressier-Soudan,Eric,eric,1
Augusta Mela,Mela,Augusta,augusta,1
Mohamed el Amine Bekhtaoui,el Amine Bekhtaoui,Mohamed,mohamed,1
Bernard Decobert,Decobert,Bernard,bernard,1
Abir Saïd,Saïd,Abir,abir,1
François Nel,Nel,François,françois,1
Philippe Capet,Capet,Philippe,philippe,1
Amine Louati,Louati,Amine,amine,1
Christophe Rigotti,Rigotti,Christophe,christophe,1
Olivier Gandrillon,Gandrillon,Olivier,olivier,1
Lucas Létocart,Létocart,Lucas,lucas,1
Karima Mouhoubi,Mouhoubi,Karima,karima,1
Frédéric Gilbert,Gilbert,Frédéric,frédéric,1
Sébastien Lallé,Lallé,Sébastien,sébastien,1
Abdelkader Benameur,Benameur,Abdelkader,abdelkader,1
Ernesto Estrada,Estrada,Ernesto,ernesto,1
Tarn Duong,Duong,Tarn,tarn,1
Rostand Affogbolo,Affogbolo,Rostand,rostand,1
Claire Gauzente,Gauzente,Claire,claire,1
Alain Guénoche,Guénoche,Alain,alain,1
Katerina Tsesmeli,Tsesmeli,Katerina,katerina,1
Mouna Chebbah,Chebbah,Mouna,mouna,1
Shin’Ichi Satoh,Satoh,Shin’Ichi,shin’ichi,1
Noorani Bakerally,Bakerally,Noorani,noorani,1
Brieuc Conan-Guez,Conan-Guez,Brieuc,brieuc,1
Mohamed Guendouz,Guendouz,Mohamed,mohamed,1
Jérémy Vizzini,Vizzini,Jérémy,jérémy,1
François Portet,Portet,François,françois,1
Anne Toulet,Toulet,Anne,anne,1
Hafida Belbachir,Belbachir,Hafida,hafida,1
Frédéric Gavignet,Gavignet,Frédéric,frédéric,1
Olivier Collin,Collin,Olivier,olivier,1
Yann Vigile Hoareau,Vigile Hoareau,Yann,yann,1
Thomas Delavallade,Delavallade,Thomas,thomas,1
Johannes Heinecke,Heinecke,Johannes,johannes,1
Michel Liquiere,Liquiere,Michel,michel,1
Moussa Benaissa,Benaissa,Moussa,moussa,1
Yahia Lebbah,Lebbah,Yahia,yahia,1
Juan David Cruz,David Cruz,Juan,juan,1
Sterenn Liberge,Liberge,Sterenn,sterenn,1
Sileye O. Ba,O. Ba,Sileye,sileye,1
Ronan Fablet,Fablet,Ronan,ronan,1
Thomas Bärecke,Bärecke,Thomas,thomas,1
Bernadette Bouchon-Meunier,Bouchon-Meunier,Bernadette,bernadette,1
Thomas Meilender,Meilender,Thomas,thomas,1
Fabien Palomares,Palomares,Fabien,fabien,1
Laurent Lecornu,Lecornu,Laurent,laurent,1
Clara Le Guillou,Le Guillou,Clara,clara,1
Frédéric Le Saux,Le Saux,Frédéric,frédéric,1
Matthieu Hubert,Hubert,Matthieu,matthieu,1
Julien Montagner,Montagner,Julien,julien,1
John Puentes,Puentes,John,john,1
Jean-Michel Cauvin,Cauvin,Jean-Michel,jean-michel,1
João Gama,Gama,João,joão,1
Elsa Negre,Negre,Elsa,elsa,1
François Paulus,Paulus,François,françois,1
Jérôme Royan,Royan,Jérôme,jérôme,1
Jean-Hugues Chenot,Chenot,Jean-Hugues,jean-hugues,1
Najeh Hajlaoui,Hajlaoui,Najeh,najeh,1
Julie Séguéla,Séguéla,Julie,julie,1
Ricardo Baeza-Yates,Baeza-Yates,Ricardo,ricardo,1
Fabien Pesci,Pesci,Fabien,fabien,1
Anthony Barré,Barré,Anthony,anthony,1
Claire Nédellec,Nédellec,Claire,claire,1
Estelle Chaix,Chaix,Estelle,estelle,1
Victor Gabillon,Gabillon,Victor,victor,1
Jérémie Mary,Mary,Jérémie,jérémie,1
Boutheina Smine,Smine,Boutheina,boutheina,1
Jean-Pierre Desclés,Desclés,Jean-Pierre,jean-pierre,1
Nacim Ihaddadene,Ihaddadene,Nacim,nacim,1
Taoufik Yeferny,Yeferny,Taoufik,taoufik,1
Khedija Arour,Arour,Khedija,khedija,1
Jean Baptiste Faddoul,Baptiste Faddoul,Jean,jean,1
Murat Ahat,Ahat,Murat,murat,1
David Medernach,Medernach,David,david,1
Marc Bui,Bui,Marc,marc,1
Amine Mokhtari,Mokhtari,Amine,amine,1
Emeric Prouteau,Prouteau,Emeric,emeric,1
Sami Yassine Turki,Yassine Turki,Sami,sami,1
Valentina Dragos,Dragos,Valentina,valentina,1
Matthieu Lopez,Lopez,Matthieu,matthieu,1
Giap NGuyen,NGuyen,Giap,giap,1
Johann Stan,Stan,Johann,johann,1
Radja Messai,Messai,Radja,radja,1
Nathalie Bricon-Souf,Bricon-Souf,Nathalie,nathalie,1
Mireille Mousseau,Mousseau,Mireille,mireille,1
Menaouer Brahami,Brahami,Menaouer,menaouer,1
Minh Thu Tran Nguyen,Thu Tran Nguyen,Minh,minh,1
François Sempé,Sempé,François,françois,1
Zbigniew W. Ras,W. Ras,Zbigniew,zbigniew,1
Laurent Pierre,Pierre,Laurent,laurent,1
Hamdi Ben Hamadou,Ben Hamadou,Hamdi,hamdi,1
Faiza Ghozzi,Ghozzi,Faiza,faiza,1
Marie Al Ghossein,Al Ghossein,Marie,marie,1
David Fernandez,Fernandez,David,david,1
Didier Parigot,Parigot,Didier,didier,1
Abdoul-Djawadou Salaou,Salaou,Abdoul-Djawadou,abdoul-djawadou,1
Yves Moinard,Moinard,Yves,yves,1
Torsten Schaub,Schaub,Torsten,torsten,1
Hatim Chahdi,Chahdi,Hatim,hatim,1
Jean Petit,Petit,Jean,jean,1
Jean-Charles Risch,Risch,Jean-Charles,jean-charles,1
Wedjene Khiari,Khiari,Wedjene,wedjene,1
Asma Bouhafs Hafsia,Bouhafs Hafsia,Asma,asma,1
Cristina Nica,Nica,Cristina,cristina,1
Olivier Ridoux,Ridoux,Olivier,olivier,1
Bruno Delprat,Delprat,Bruno,bruno,1
Alexandre Passant,Passant,Alexandre,alexandre,1
Philippe Laublet,Laublet,Philippe,philippe,1
Hana Alouaoui,Alouaoui,Hana,hana,1
Nadia Nadah,Nadah,Nadia,nadia,1
Éric Sardet,Sardet,Éric,éric,1
Jean Delahousse,Delahousse,Jean,jean,1
Valery Teguiak,Teguiak,Valery,valery,1
Jean-François Méhaut,Méhaut,Jean-François,jean-françois,1
Mostéfa Mokaddem,Mokaddem,Mostéfa,mostéfa,1
Ibtissem Cherni,Cherni,Ibtissem,ibtissem,1
Karla Lopez,Lopez,Karla,karla,1
Karim Djemal,Djemal,Karim,karim,1
Yue Feng,Feng,Yue,yue,1
Jose M. Joemon,M. Joemon,Jose,jose,1
Hanen Brahmi,Brahmi,Hanen,hanen,1
Mohamed Hallab,Hallab,Mohamed,mohamed,1
Houda Zaidi,Zaidi,Houda,houda,1
Faouzi Boufarès,Boufarès,Faouzi,faouzi,1
Yann Pollet,Pollet,Yann,yann,1
Besma Khalfi,Khalfi,Besma,besma,1
Rahma Cherif,Cherif,Rahma,rahma,1
Siwar Zribi Boujelbene,Zribi Boujelbene,Siwar,siwar,1
Dorra Ben Ayed Mezghanni,Ben Ayed Mezghanni,Dorra,dorra,1
Noureddine Ellouze,Ellouze,Noureddine,noureddine,1
Abderrahmane Maaradji,Maaradji,Abderrahmane,abderrahmane,1
Noël Crespi,Crespi,Noël,noël,1
Charles Huyghues-Despointes,Huyghues-Despointes,Charles,charles,1
Iwo Doboszewski,Doboszewski,Iwo,iwo,1
Simon Fossier,Fossier,Simon,simon,1
Nacéra Bennacer Seghouani,Bennacer Seghouani,Nacéra,nacéra,1
Francesca Bugiotti,Bugiotti,Francesca,francesca,1
Jorge Galicia,Galicia,Jorge,jorge,1
Mariana Patricio,Patricio,Mariana,mariana,1
Jean Charlet,Charlet,Jean,jean,1
Nathalie Hernandez,Hernandez,Nathalie,nathalie,1
Pierre Allard,Allard,Pierre,pierre,1
Chongsheng Zhang,Zhang,Chongsheng,chongsheng,1
Sarra Ayouni,Ayouni,Sarra,sarra,1
Cyrine Nasri,Nasri,Cyrine,cyrine,1
Zohra Ben Said,Ben Said,Zohra,zohra,1
Paul Richard,Richard,Paul,paul,1
Anna Kolomoyskaya,Kolomoyskaya,Anna,anna,1
Ghada Gasmi,Gasmi,Ghada,ghada,1
Takeaki Uno,Uno,Takeaki,takeaki,1
Thierno Diallo,Diallo,Thierno,thierno,1
Dan-Mircea Suciu,Suciu,Dan-Mircea,dan-mircea,1
Romain Vuillemot,Vuillemot,Romain,romain,1
Aris Ouksel,Ouksel,Aris,aris,1
Lionel Brunie,Brunie,Lionel,lionel,1
Md. Haidar Sharif,Haidar Sharif,Md.,md.,1
Husam Alustwani,Alustwani,Husam,husam,1
Lynda Said L'Hadj,Said L'Hadj,Lynda,lynda,1
Boris Verhaegen,Verhaegen,Boris,boris,1
Esteban Zimányi,Zimányi,Esteban,esteban,1
Serge Boucher,Boucher,Serge,serge,1
Anthony Ventresque,Ventresque,Anthony,anthony,1
Louis-Alexandre Celton,Celton,Louis-Alexandre,louis-alexandre,1
Gaëtan Hervouet,Hervouet,Gaëtan,gaëtan,1
Damien Levin,Levin,Damien,damien,1
Mohammed Zaki,Zaki,Mohammed,mohammed,1
Mohamed Salah Gouider,Salah Gouider,Mohamed,mohamed,1
Eya Ben Ahmed,Ben Ahmed,Eya,eya,1
Nicolas Sicard,Sicard,Nicolas,nicolas,1
Sabeur Aridhi,Aridhi,Sabeur,sabeur,1
Ines Fayech,Fayech,Ines,ines,1
Habib Ounalli,Ounalli,Habib,habib,1
Souhir Gahbiche,Gahbiche,Souhir,souhir,1
Gouenou Coatrieux,Coatrieux,Gouenou,gouenou,1
Hippolyte Léger,Léger,Hippolyte,hippolyte,1
Dominique Bouthinon,Bouthinon,Dominique,dominique,1
Mohamed Boussahoua,Boussahoua,Mohamed,mohamed,1
Oana Andrei,Andrei,Oana,oana,1
Maribel Fernández,Fernández,Maribel,maribel,1
Hélène Kirchner,Kirchner,Hélène,hélène,1
Dylan Da Conceicao,Da Conceicao,Dylan,dylan,1
Pierre Teissier,Teissier,Pierre,pierre,1
Harold Vilmart,Vilmart,Harold,harold,1
Jean-Claude Léon,Léon,Jean-Claude,jean-claude,1
Marian-Andrei Rizoiu,Rizoiu,Marian-Andrei,marian-andrei,1
Jean-Hugues Chauchat,Chauchat,Jean-Hugues,jean-hugues,1
Tassadit Bouadi,Bouadi,Tassadit,tassadit,1
Frédéric Moal,Moal,Frédéric,frédéric,1
Philippe Breucker,Breucker,Philippe,philippe,1
Arnaud Sallaberry,Sallaberry,Arnaud,arnaud,1
Jihen Majdoubi,Majdoubi,Jihen,jihen,1
Ibrahim Chahid,Chahid,Ibrahim,ibrahim,1
Loic Martin,Martin,Loic,loic,1
Lionel Médini,Médini,Lionel,lionel,1
Christophe Osswald,Osswald,Christophe,christophe,1
Ghada Trabelsi,Trabelsi,Ghada,ghada,1
Rémi Auguste,Auguste,Rémi,rémi,1
Ahmed El Ghini,El Ghini,Ahmed,ahmed,1
Sofiane Ben Amor,Ben Amor,Sofiane,sofiane,1
Doulkifli Boukraâ,Boukraâ,Doulkifli,doulkifli,1
Wajdi Dhifli,Dhifli,Wajdi,wajdi,1
Nesrine Ben Mustapha,Ben Mustapha,Nesrine,nesrine,1
Wahiba Ben Abdessalem Karaa,Ben Abdessalem Karaa,Wahiba,wahiba,1
Bilel Bouchamia,Bouchamia,Bilel,bilel,1
Amadou Fall Dia,Fall Dia,Amadou,amadou,1
Morgan Mathiaut,Mathiaut,Morgan,morgan,1
Jonathan Dubois,Dubois,Jonathan,jonathan,1
Antoine Lambert,Lambert,Antoine,antoine,1
Dan Archambault,Archambault,Dan,dan,1
Teh Amouh,Amouh,Teh,teh,1
Benoît Macq,Macq,Benoît,benoît,1
Rim Bentebibel,Bentebibel,Rim,rim,1
Patrick Bosc,Bosc,Patrick,patrick,1
Grégory Smits,Smits,Grégory,grégory,1
Nacim Fateh Chikhi,Fateh Chikhi,Nacim,nacim,1
Christine Potier,Potier,Christine,christine,1
Fekade Getahun,Getahun,Fekade,fekade,1
Richard Chbeir,Chbeir,Richard,richard,1
Guillem Lefait,Lefait,Guillem,guillem,1
Gilles Goncalves,Goncalves,Gilles,gilles,1
M. Tahar Kechadi,Tahar Kechadi,M.,m.,1
Jérôme Euzenat,Euzenat,Jérôme,jérôme,1
Ali Jaffal,Jaffal,Ali,ali,1
Manuele Kirsh-Pinheiro,Kirsh-Pinheiro,Manuele,manuele,1
Benjamin Billet,Billet,Benjamin,benjamin,1
Clément Iphar,Iphar,Clément,clément,1
Lucile Sautot,Sautot,Lucile,lucile,1
Ludovic Journaux,Journaux,Ludovic,ludovic,1
Arnaud Larrère,Larrère,Arnaud,arnaud,1
Kévin Saint-Paul,Saint-Paul,Kévin,kévin,1
Romain André-Lovichi,André-Lovichi,Romain,romain,1
David Langlois,Langlois,David,david,1
Jean Martinet,Martinet,Jean,jean,1
Fanny Chevalier,Chevalier,Fanny,fanny,1
Stéphane Huot,Huot,Stéphane,stéphane,1
Mounir Ben Ayed,Ben Ayed,Mounir,mounir,1
Adel M. Alimi,M. Alimi,Adel,adel,1
Jean-Pierre Cotton,Cotton,Jean-Pierre,jean-pierre,1
Alain-Pierre Manine,Manine,Alain-Pierre,alain-pierre,1
Mohammed Haouach,Haouach,Mohammed,mohammed,1
Karim Benzeroual,Benzeroual,Karim,karim,1
Yassine Mrabet,Mrabet,Yassine,yassine,1
Stefano Perabò,Perabò,Stefano,stefano,1
Xavier Morandi,Morandi,Xavier,xavier,1
Alina Dia Miron,Dia Miron,Alina,alina,1
Bernard Rothenburger,Rothenburger,Bernard,bernard,1
Mohamed Turki,Turki,Mohamed,mohamed,1
Gilles Kassel,Kassel,Gilles,gilles,1
Fatma Kaâbi,Kaâbi,Fatma,fatma,1
Federico Ulliana,Ulliana,Federico,federico,1
Yoann Dupont,Dupont,Yoann,yoann,1
Christian Lautier,Lautier,Christian,christian,1
Marco Dinarelli,Dinarelli,Marco,marco,1
Pierre Le Maigat,Le Maigat,Pierre,pierre,1
Sofiane Abbar,Abbar,Sofiane,sofiane,1
Mokrane Bouzeghoub,Bouzeghoub,Mokrane,mokrane,1
Dimitre Kostadinov,Kostadinov,Dimitre,dimitre,1
Stéphane Lopes,Lopes,Stéphane,stéphane,1
Guy Lapalme,Lapalme,Guy,guy,1
Fabrizio Gotti,Gotti,Fabrizio,fabrizio,1
Abdessamad Outerqiss,Outerqiss,Abdessamad,abdessamad,1
Philippe Langlais,Langlais,Philippe,philippe,1
Lucie Martinet,Martinet,Lucie,lucie,1
Hussein T. Al-Natsheh,T. Al-Natsheh,Hussein,hussein,1
Djamel A. Zighed,A. Zighed,Djamel,djamel,1
Kévin Deturck,Deturck,Kévin,kévin,1
Justine Reynaud,Reynaud,Justine,justine,1
Esther Galbrun,Galbrun,Esther,esther,1
Mehwish Alam,Alam,Mehwish,mehwish,1
Sébastien Gassmann,Gassmann,Sébastien,sébastien,1
Alain Ribière,Ribière,Alain,alain,1
Nischal Verma,Verma,Nischal,nischal,1
Cécile Low-Kam,Low-Kam,Cécile,cécile,1
Marlène Villanova-Oliver,Villanova-Oliver,Marlène,marlène,1
Tomàs Aluja-Banet,Aluja-Banet,Tomàs,tomàs,1
Josep Daunis-i-Estadella,Daunis-i-Estadella,Josep,josep,1
Enric Ripoll,Ripoll,Enric,enric,1
Selim Mimaroglu,Mimaroglu,Selim,selim,1
Alexis Bultey,Bultey,Alexis,alexis,1
Franck Le Gall,Le Gall,Franck,franck,1
Damien Barache,Barache,Damien,damien,1
Ahmed Belaidi,Belaidi,Ahmed,ahmed,1
Goverdhan Singh,Singh,Goverdhan,goverdhan,1
Maria Rifqi,Rifqi,Maria,maria,1
Luc De Raedt,De Raedt,Luc,luc,1
Christian Ernst,Ernst,Christian,christian,1
Lisa Di-Jorio,Di-Jorio,Lisa,lisa,1
Claire Laudy,Laudy,Claire,claire,1
Katharina Morik,Morik,Katharina,katharina,1
Sébastien Duplessis,Duplessis,Sébastien,sébastien,1
Pascal Gouzien,Gouzien,Pascal,pascal,1
Marta Franová,Franová,Marta,marta,1
Wassim Khaskhoussi,Khaskhoussi,Wassim,wassim,1
Christophe Dousson,Dousson,Christophe,christophe,1
Lucie Copin,Copin,Lucie,lucie,1
Yudi Augusta,Augusta,Yudi,yudi,1
Budi Sentana,Sentana,Budi,budi,1
Flavien Balbo,Balbo,Flavien,flavien,1
Julien Saunier,Saunier,Julien,julien,1
Mary Felkin,Felkin,Mary,mary,1
Wei Xing,Xing,Wei,wei,1
Peggy Cellier,Cellier,Peggy,peggy,1
Annie Foret,Foret,Annie,annie,1
Estelle Pujos-Guillot,Pujos-Guillot,Estelle,estelle,1
Frédéric Rayar,Rayar,Frédéric,frédéric,1
Sabine Barrat,Barrat,Sabine,sabine,1
Quentin Labernia,Labernia,Quentin,quentin,1
Olivier Cavadenti,Cavadenti,Olivier,olivier,1
Stan Matwin,Matwin,Stan,stan,1
Anh Phuc Trinh,Phuc Trinh,Anh,anh,1
David Buffoni,Buffoni,David,david,1
Ousmane Djanga,Djanga,Ousmane,ousmane,1
Hanine Hamzioui,Hamzioui,Hanine,hanine,1
Mickaël Hatchi,Hatchi,Mickaël,mickaël,1
Dominique Fresneau,Fresneau,Dominique,dominique,1
Loïc Cerf,Cerf,Loïc,loïc,1
Jérémy Besson,Besson,Jérémy,jérémy,1
Fabien Jourdan,Jourdan,Fabien,fabien,1
Christophe Thovex,Thovex,Christophe,christophe,1
Arriel Benis,Benis,Arriel,arriel,1
Mélanie Courtine,Courtine,Mélanie,mélanie,1
Sébastien Lefèvre,Lefèvre,Sébastien,sébastien,1
Quyet-Thang Le,Le,Quyet-Thang,quyet-thang,1
Omar Merroun,Merroun,Omar,omar,1
Stefan du Château,du Château,Stefan,stefan,1
Eunika Mercier-Laurent,Mercier-Laurent,Eunika,eunika,1
Houssem Jerbi,Jerbi,Houssem,houssem,1
Pierre-Edouard Portier,Portier,Pierre-Edouard,pierre-edouard,1
Haïfa Zargayouna,Zargayouna,Haïfa,haïfa,1
Bruno Faivre,Faivre,Bruno,bruno,1
Mario Cataldi,Cataldi,Mario,mario,1
Myriam Lamolle,Lamolle,Myriam,myriam,1
Chan Le Duc,Le Duc,Chan,chan,1
Serge Fantino,Fantino,Serge,serge,1
Alpha Diallo,Diallo,Alpha,alpha,1
Bernard Kaddour,Kaddour,Bernard,bernard,1
Maria Fernandez,Fernandez,Maria,maria,1
Van-Hoa Nguyen,Nguyen,Van-Hoa,van-hoa,1
Lamine Diop,Diop,Lamine,lamine,1
Cheikh Talibouya Diop,Talibouya Diop,Cheikh,cheikh,1
Dominique Li,Li,Dominique,dominique,1
Antoine Laumond,Laumond,Antoine,antoine,1
Norbert Feron,Feron,Norbert,norbert,1
René-Michel Faure,Faure,René-Michel,rené-michel,1
Philippe Muller,Muller,Philippe,philippe,1
Fabrice Popineau,Popineau,Fabrice,fabrice,1
Lyes Benamsili,Benamsili,Lyes,lyes,1
Emmanuel Nauer,Nauer,Emmanuel,emmanuel,1
Paolo Simonetto,Simonetto,Paolo,paolo,1
Bogdan Moisuc,Moisuc,Bogdan,bogdan,1
Hervé Martin,Martin,Hervé,hervé,1
Monique Thonnat,Thonnat,Monique,monique,1
Jose Luis Patino,Luis Patino,Jose,jose,1
Etienne Corvée,Corvée,Etienne,etienne,1
François Brémond,Brémond,François,françois,1
Dong (Haoyuan) Li,(Haoyuan) Li,Dong,dong,1
Isabelle Bloch,Bloch,Isabelle,isabelle,1
Emanuel Aldea,Aldea,Emanuel,emanuel,1
Beniamino Murgante,Murgante,Beniamino,beniamino,1
Giuseppe Las Casas,Las Casas,Giuseppe,giuseppe,1
Anna Sansone,Sansone,Anna,anna,1
Damien Poirier,Poirier,Damien,damien,1
Laura Diosan,Diosan,Laura,laura,1
Jean-Pierre Pécuchet,Pécuchet,Jean-Pierre,jean-pierre,1
Adrien Schmidt,Schmidt,Adrien,adrien,1
Ba-Hung Ngo,Ngo,Ba-Hung,ba-hung,1
Frédérique Silber-Chaussumier,Silber-Chaussumier,Frédérique,frédérique,1
Christian Bac,Bac,Christian,christian,1
Jacques-Henri Sublemontier,Sublemontier,Jacques-Henri,jacques-henri,1
Leila Nemmiche Alachaher,Nemmiche Alachaher,Leila,leila,1
Bashar Saleh,Saleh,Bashar,bashar,1
Andres Jacome,Jacome,Andres,andres,1
Christian Puech,Puech,Christian,christian,1
Ahlame Douzal-Chouakria,Douzal-Chouakria,Ahlame,ahlame,1
Françoise Giroud,Giroud,Françoise,françoise,1
Mohamed Khazri,Khazri,Mohamed,mohamed,1
Mohamed Abid,Abid,Mohamed,mohamed,1
Marc-Ismaël Akodjènou-Jeannin,Akodjènou-Jeannin,Marc-Ismaël,marc-ismaël,1
Kavé Salamatian,Salamatian,Kavé,kavé,1
Loïc Lecerf,Lecerf,Loïc,loïc,1
Ruggero G. Pensa,G. Pensa,Ruggero,ruggero,1
Bruno Roux,Roux,Bruno,bruno,1
Noureddine Mokhtari,Mokhtari,Noureddine,noureddine,1
Rena Nemoto,Nemoto,Rena,rena,1
Martine Adda-Decker,Adda-Decker,Martine,martine,1
Iona Vasilescu,Vasilescu,Iona,iona,1
Usama M. Fayyad,M. Fayyad,Usama,usama,1
Youssef Hadi,Hadi,Youssef,youssef,1
Rachid Oulad Haj Thami,Oulad Haj Thami,Rachid,rachid,1
Xavier Aimé,Aimé,Xavier,xavier,1
Frédéric Fürst,Fürst,Frédéric,frédéric,1
Christine Plumejeaud,Plumejeaud,Christine,christine,1
Florian Guillochon,Guillochon,Florian,florian,1
Michel Schneider,Schneider,Michel,michel,1
Taimur Qureshi,Qureshi,Taimur,taimur,1
Jérôme Cubillé,Cubillé,Jérôme,jérôme,1
Alain Dessertaine,Dessertaine,Alain,alain,1
Jean-Marc Vincent,Vincent,Jean-Marc,jean-marc,1
Claude Grasland,Grasland,Claude,claude,1
Hélène Mathian,Mathian,Hélène,hélène,1
Serge Guelton,Guelton,Serge,serge,1
Joël Boulier,Boulier,Joël,joël,1
Françoise Fogelman-Soulié,Fogelman-Soulié,Françoise,françoise,1
Anouar Benhassena,Benhassena,Anouar,anouar,1
Fazia Bellal,Bellal,Fazia,fazia,1
Bruno Canitia,Canitia,Bruno,bruno,1
Franck Thollard,Thollard,Franck,franck,1
Pierre Loustau,Loustau,Pierre,pierre,1
Mauro Gaio,Gaio,Mauro,mauro,1
Thierry Nodenot,Nodenot,Thierry,thierry,1
Stéphane Roche,Roche,Stéphane,stéphane,1
Damien Raclot,Raclot,Damien,damien,1
Jean-Stéphane Bailly,Bailly,Jean-Stéphane,jean-stéphane,1
Maryvonne Miquel,Miquel,Maryvonne,maryvonne,1
Benoit Kiene,Kiene,Benoit,benoit,1
Claude Caron,Caron,Claude,claude,1
Eloïse Loubier,Loubier,Eloïse,eloïse,1
Myriam Touati,Touati,Myriam,myriam,1
Mohamed Rahal,Rahal,Mohamed,mohamed,1
Lucie Gentils,Gentils,Lucie,lucie,1
Anne Poupon,Poupon,Anne,anne,1
Jean-François Gibrat,Gibrat,Jean-François,jean-françois,1
David Grosser,Grosser,David,david,1
Noël Conruyt,Conruyt,Noël,noël,1
Olivier Sebastien,Sebastien,Olivier,olivier,1
José L. Balcázar,L. Balcázar,José,josé,1
Antoni Lozano,Lozano,Antoni,antoni,1
Christine Parent,Parent,Christine,christine,1
Stefano Spaccapietra,Spaccapietra,Stefano,stefano,1
Jean-Pierre Fiset,Fiset,Jean-Pierre,jean-pierre,1
Sujeevan Aseervatham,Aseervatham,Sujeevan,sujeevan,1
Gilles Falquet,Falquet,Gilles,gilles,1
Christelle Vangenot,Vangenot,Christelle,christelle,1
Maria-Luisa Damiani,Damiani,Maria-Luisa,maria-luisa,1
José de Macedo,de Macedo,José,josé,1
Fabio Porto,Porto,Fabio,fabio,1
Amjad Abou Assali,Abou Assali,Amjad,amjad,1
Dominique Lenne,Lenne,Dominique,dominique,1
Bruno Debray,Debray,Bruno,bruno,1
Virginie Lefort,Lefort,Virginie,virginie,1
Guillaume Beslon,Beslon,Guillaume,guillaume,1
Vladislav Matviico,Matviico,Vladislav,vladislav,1
Nicolas Muret,Muret,Nicolas,nicolas,1
Imen Brahmi,Brahmi,Imen,imen,1
Anne Tchounikine,Tchounikine,Anne,anne,1
Sébastien Harispe,Harispe,Sébastien,sébastien,1
Guillaume Zambrano,Zambrano,Guillaume,guillaume,1
Stéphane Mussard,Mussard,Stéphane,stéphane,1
Olfa Allani,Allani,Olfa,olfa,1
Nedra Mellouli,Mellouli,Nedra,nedra,1
Hajer Baazaoui,Baazaoui,Hajer,hajer,1
Reda Mohamed Hamou,Mohamed Hamou,Reda,reda,1
Claudia d’Amato,d’Amato,Claudia,claudia,1
Benjamin Costé,Costé,Benjamin,benjamin,1
Sébastien Gaucel,Gaucel,Sébastien,sébastien,1
Bernard Moulin,Moulin,Bernard,bernard,1
Yi Yu,Yu,Yi,yi,1
Zakaria Elberrichi,Elberrichi,Zakaria,zakaria,1
Viet Phan Luong,Phan Luong,Viet,viet,1
Imène Brigui-Chtioui,Brigui-Chtioui,Imène,imène,1
Sébastien Caquard,Caquard,Sébastien,sébastien,1
André Hardy,Hardy,André,andré,1
Bassem Makni,Makni,Bassem,bassem,1
Philippe-Henri Gosselin,Gosselin,Philippe-Henri,philippe-henri,1
Justine Lebrun,Lebrun,Justine,justine,1
Sylvie Philipp-Foliguet,Philipp-Foliguet,Sylvie,sylvie,1
Philippe Martin,Martin,Philippe,philippe,1
Jun Jo,Jo,Jun,jun,1
Yassine Namir,Namir,Yassine,yassine,1
Simon Ser,Ser,Simon,simon,1
Denis Maurel,Maurel,Denis,denis,1
Thanh-Trung Van,Van,Thanh-Trung,thanh-trung,1
Florian De Vuyst,De Vuyst,Florian,florian,1
Frédéric Lemoine,Lemoine,Frédéric,frédéric,1
Louis-Victor Pasquier,Pasquier,Louis-Victor,louis-victor,1
Philippe De Guis,De Guis,Philippe,philippe,1
Gildas Tagny Ngompé,Tagny Ngompé,Gildas,gildas,1
Yuan Lin,Lin,Yuan,yuan,1
Hassan Saneifar,Saneifar,Hassan,hassan,1
Claire Serp,Serp,Claire,claire,1
Sylvain Lespinats,Lespinats,Sylvain,sylvain,1
Bernardo Lopez,Lopez,Bernardo,bernardo,1
Samir Sebahi,Sebahi,Samir,samir,1
Claire-Lise Mottaz Jiang,Mottaz Jiang,Claire-Lise,claire-lise,1
Jacques Guyot,Guyot,Jacques,jacques,1
Rachid Elmeziane,Elmeziane,Rachid,rachid,1
François-Élie Calvier,Calvier,François-Élie,françois-élie,1
Henri-Maxime Suchier,Suchier,Henri-Maxime,henri-maxime,1
Anastasiya Yurchyshyna,Yurchyshyna,Anastasiya,anastasiya,1
Nhan Le Thanh,Le Thanh,Nhan,nhan,1
Celson Lima,Lima,Celson,celson,1
Saoussen Sakji,Sakji,Saoussen,saoussen,1
Nathanaël Kasoro,Kasoro,Nathanaël,nathanaël,1
Sergio Rodrigues de Morais,Rodrigues de Morais,Sergio,sergio,1
Frédéric Triou,Triou,Frédéric,frédéric,1
Tuong-Vinh Truong,Truong,Tuong-Vinh,tuong-vinh,1
Pierre Gaillard,Gaillard,Pierre,pierre,1
Didier Devaurs,Devaurs,Didier,didier,1
Marc Boyer,Boyer,Marc,marc,1
Faiza Abbaci,Abbaci,Faiza,faiza,1
Pascal Francq,Francq,Pascal,pascal,1
Etienne Cuvelier,Cuvelier,Etienne,etienne,1
Hans-Hermann Bock,Bock,Hans-Hermann,hans-hermann,1
Mohamed Ramzi Temanni,Ramzi Temanni,Mohamed,mohamed,1
Hacène Cherfi,Cherfi,Hacène,hacène,1
Bert C. Huang,C. Huang,Bert,bert,1
David L. Waltz,L. Waltz,David,david,1
Anouck Bodin-Niemczuk,Bodin-Niemczuk,Anouck,anouck,1
Nizar Ghoula,Ghoula,Nizar,nizar,1
Caroline Wintergerst,Wintergerst,Caroline,caroline,1
Thomas Ludwig,Ludwig,Thomas,thomas,1
Islem Denden,Denden,Islem,islem,1
Christine Poitou-Bernert,Poitou-Bernert,Christine,christine,1
Karine Clément,Clément,Karine,karine,1
Christophe Lejeune,Lejeune,Christophe,christophe,1
Julien Lavergne,Lavergne,Julien,julien,1
Sabine Goutier,Goutier,Sabine,sabine,1
Karim Baïna,Baïna,Karim,karim,1
Phuc-Hiep Luong,Luong,Phuc-Hiep,phuc-hiep,1
Alain Boucher,Boucher,Alain,alain,1
Eduardo Fraschini,Fraschini,Eduardo,eduardo,1
Fadi Badra,Badra,Fadi,fadi,1
Fabrice Estievenart,Estievenart,Fabrice,fabrice,1
Jean-Roch Meurisse,Meurisse,Jean-Roch,jean-roch,1
Gaëlle Hignette,Hignette,Gaëlle,gaëlle,1
Ahmed Cheriat,Cheriat,Ahmed,ahmed,1
Dhouha-Grissa,,Dhouha-Grissa,dhouha-grissa,1
Blandine Comte,Comte,Blandine,blandine,1
Sylvie Tricot,Tricot,Sylvie,sylvie,1
Wissam Siblini,Siblini,Wissam,wissam,1
Mounia Lalmas,Lalmas,Mounia,mounia,1
Younes Abid,Abid,Younes,younes,1
Abdessamad Imine,Imine,Abdessamad,abdessamad,1
Marc Rigolot,Rigolot,Marc,marc,1
Michaël Rusinowitch,Rusinowitch,Michaël,michaël,1
Bruno Guerraz,Guerraz,Bruno,bruno,1
Cédric Vidrequin,Vidrequin,Cédric,cédric,1
Juan-Manuel Torres-Moreno,Torres-Moreno,Juan-Manuel,juan-manuel,1
Jean-Jacques Schneider,Schneider,Jean-Jacques,jean-jacques,1
Marc El-Bèze,El-Bèze,Marc,marc,1
Howard J. Hamilton,J. Hamilton,Howard,howard,1
Alexandre Bouchacourt,Bouchacourt,Alexandre,alexandre,1
Antonio Irpino,Irpino,Antonio,antonio,1
Elvira Romano,Romano,Elvira,elvira,1
Romain Boulet,Boulet,Romain,romain,1
Bertrand Jouve,Jouve,Bertrand,bertrand,1
Nawal Guermouche,Guermouche,Nawal,nawal,1
Emmanuel Coquery,Coquery,Emmanuel,emmanuel,1
Abdelmajid Ben Hamadou,Ben Hamadou,Abdelmajid,abdelmajid,1
Radhouane Guermazi,Guermazi,Radhouane,radhouane,1
Bart Goethals,Goethals,Bart,bart,1
Filip Florea,Florea,Filip,filip,1
Valeriu Cornea,Cornea,Valeriu,valeriu,1
Abdelaziz Bensrhair,Bensrhair,Abdelaziz,abdelaziz,1
Stéfan Jacques Darmoni,Jacques Darmoni,Stéfan,stéfan,1
Cédric Dray,Dray,Cédric,cédric,1
Philippe Valet,Valet,Philippe,philippe,1
Nicolas Verbeke,Verbeke,Nicolas,nicolas,1
Hicham Laanaya,Laanaya,Hicham,hicham,1
Alexandre Labadié,Labadié,Alexandre,alexandre,1
Jean Diatta,Diatta,Jean,jean,1
Régis Girard,Girard,Régis,régis,1
Jean Louis Vitti,Louis Vitti,Jean,jean,1
Mostafa Hanoune,Hanoune,Mostafa,mostafa,1
Faouzia Benabbou,Benabbou,Faouzia,faouzia,1
Kévin Ottens,Ottens,Kévin,kévin,1
Sébastien Régis,Régis,Sébastien,sébastien,1
Leoncio Jiménez,Jiménez,Leoncio,leoncio,1
William Vacher,Vacher,William,william,1
Hubert Polaert,Polaert,Hubert,hubert,1
Grégory Mallet,Mallet,Grégory,grégory,1
Rémy Brisson,Brisson,Rémy,rémy,1
Anne Puissant,Puissant,Anne,anne,1
Xavier Polanco,Polanco,Xavier,xavier,1
Zahra Kebaili,Kebaili,Zahra,zahra,1
Noura Bouzrara,Bouzrara,Noura,noura,1
Norbert Tsopzé,Tsopzé,Norbert,norbert,1
Gilbert Tindo,Tindo,Gilbert,gilbert,1
Jacques Le Maitre,Le Maitre,Jacques,jacques,1
Nicolas Faessel,Faessel,Nicolas,nicolas,1
Le Thi Hoai An,Thi Hoai An,Le,le,1
Le Hoai Minh,Hoai Minh,Le,le,1
Pham Dinh Tao,Dinh Tao,Pham,pham,1
Karim Kamoun,Kamoun,Karim,karim,1
Mohamed Amine Bentaallah,Amine Bentaallah,Mohamed,mohamed,1
Bruno Mermet,Mermet,Bruno,bruno,1
Dominique Fournier,Fournier,Dominique,dominique,1
Laurent Kevers,Kevers,Laurent,laurent,1
Cédrick Fairon,Fairon,Cédrick,cédrick,1
Domingo S. Rodríguez,S. Rodríguez,Domingo,domingo,1
Mounir Fegas,Fegas,Mounir,mounir,1
Amel Boustil,Boustil,Amel,amel,1
Zaïdi Sahnoun,Sahnoun,Zaïdi,zaïdi,1
Ziad Mansouri,Mansouri,Ziad,ziad,1
Jérôme Maloberti,Maloberti,Jérôme,jérôme,1
Yves Chiricota,Chiricota,Yves,yves,1
Jean-Philippe Domenger,Domenger,Jean-Philippe,jean-philippe,1
Benoît Favre,Favre,Benoît,benoît,1
Jean-François Bonastre,Bonastre,Jean-François,jean-françois,1
Patrice Bellot,Bellot,Patrice,patrice,1
François Capman,Capman,François,françois,1
Bernard Huet,Huet,Bernard,bernard,1
Hunor Albert-Lorincz,Albert-Lorincz,Hunor,hunor,1
Sylvain Mongy,Mongy,Sylvain,sylvain,1
Sylvain Tenier,Tenier,Sylvain,sylvain,1
Irina Diana Coman,Diana Coman,Irina,irina,1
Xuan-Hiep Huynh,Huynh,Xuan-Hiep,xuan-hiep,1
Samuel Gesche,Gesche,Samuel,samuel,1
Guy Caplat,Caplat,Guy,guy,1
Alain Morineau,Morineau,Alain,alain,1
Lucile Vadcard,Vadcard,Lucile,lucile,1
Dima Mufti-Alchawafa,Mufti-Alchawafa,Dima,dima,1
Nacéra Madani Aissaoui,Madani Aissaoui,Nacéra,nacéra,1
Najoua Essoukri Ben Amara,Essoukri Ben Amara,Najoua,najoua,1
Pierre P. Lévy,P. Lévy,Pierre,pierre,1
Jean-Philippe Villaréal,Villaréal,Jean-Philippe,jean-philippe,1
Pierre-Paul Couka,Couka,Pierre-Paul,pierre-paul,1
Fabrice Gallois,Gallois,Fabrice,fabrice,1
Laurence Herbin,Herbin,Laurence,laurence,1
Antoine Flahault,Flahault,Antoine,antoine,1
Jesús S. Aguilar-Ruiz,S. Aguilar-Ruiz,Jesús,jesús,1
Jonathan Weber,Weber,Jonathan,jonathan,1
Étienne-Cuvelier,,Étienne-Cuvelier,étienne-cuvelier,1
Marie-Aude-Aufaure,,Marie-Aude-Aufaure,marie-aude-aufaure,1
Santo Fortunato,Fortunato,Santo,santo,1
Marwan Ghanem,Ghanem,Marwan,marwan,1
Clémence Magnien,Magnien,Clémence,clémence,1
Fabien Tarissan,Tarissan,Fabien,fabien,1
Julien Hay,Hay,Julien,julien,1
Tim Van de Cruys,Van de Cruys,Tim,tim,1
Sofian Berrouiguet,Berrouiguet,Sofian,sofian,1
Mark Larsen,Larsen,Mark,mark,1
Michel Walter,Walter,Michel,michel,1
Anne Remillieux,Remillieux,Anne,anne,1
Christian Blatter,Blatter,Christian,christian,1
Frédéric Mabille,Mabille,Frédéric,frédéric,1
Nongyao Mueangdee,Mueangdee,Nongyao,nongyao,1
Annabelle Dierstein,Dierstein,Annabelle,annabelle,1
Christopher Corsia,Corsia,Christopher,christopher,1
Vincent Dubois,Dubois,Vincent,vincent,1
Jerzy Korczak,Korczak,Jerzy,jerzy,1
Clément Chatelain,Chatelain,Clément,clément,1
Laurent Heutte,Heutte,Laurent,laurent,1
Thierry Paquet,Paquet,Thierry,thierry,1
Youssef Zinbi,Zinbi,Youssef,youssef,1
Youssef Chahir,Chahir,Youssef,youssef,1
Abder Elmoatz,Elmoatz,Abder,abder,1
Rémi Gilleron,Gilleron,Rémi,rémi,1
Patrick Marty,Marty,Patrick,patrick,1
Shin Ando,Ando,Shin,shin,1
Sergio Camiz,Camiz,Sergio,sergio,1
Jean-Jacques Denimal,Denimal,Jean-Jacques,jean-jacques,1
Bastien Latard,Latard,Bastien,bastien,1
Christian Sallaberry,Sallaberry,Christian,christian,1
Annig Le Parc - Lacayrelle,Le Parc - Lacayrelle,Annig,annig,1
Albert Royer,Royer,Albert,albert,1
Sofiane Bouzid,Bouzid,Sofiane,sofiane,1
Dominique Cardon,Cardon,Dominique,dominique,1
Hosna Ouni,Ouni,Hosna,hosna,1
Laetitia Gros,Gros,Laetitia,laetitia,1
Mouloud Kharoune,Kharoune,Mouloud,mouloud,1
Zoltan Miklos,Miklos,Zoltan,zoltan,1
Noureddine Azzouza,Azzouza,Noureddine,noureddine,1
Karima Akli-Astouati,Akli-Astouati,Karima,karima,1
Samy Ait-Bachir,Ait-Bachir,Samy,samy,1
Amira Oussalah,Oussalah,Amira,amira,1
Christophe Brouard,Brouard,Christophe,christophe,1
Bruno Defude,Defude,Bruno,bruno,1
Didier Nakache,Nakache,Didier,didier,1
Michael Ley,Ley,Michael,michael,1
Patrick Reuther,Reuther,Patrick,patrick,1
Marc Damez,Damez,Marc,marc,1
Schahrazed Zeghache,Zeghache,Schahrazed,schahrazed,1
Marc Tommasi,Tommasi,Marc,marc,1
Julien Lorec,Lorec,Julien,julien,1
Delphine Bernhard,Bernhard,Delphine,delphine,1
Walid Erray,Erray,Walid,walid,1
Faouzi Mhamdi,Mhamdi,Faouzi,faouzi,1
Christophe Coppens,Coppens,Christophe,christophe,1
Julien Laroque Malbert,Laroque Malbert,Julien,julien,1
Lamia Ben Ghezaiel,Ben Ghezaiel,Lamia,lamia,1
Heikki Mannila,Mannila,Heikki,heikki,1
Thierry Laugier,Laugier,Thierry,thierry,1
Annie Fiandrino,Fiandrino,Annie,annie,1
Marie-Noëlle Bessagnet,Bessagnet,Marie-Noëlle,marie-noëlle,1
Maisa Cristina Duarte,Cristina Duarte,Maisa,maisa,1
Sènami C Fréjus Ahomagnon,C Fréjus Ahomagnon,Sènami,sènami,1
Marie Pailloux,Pailloux,Marie,marie,1
Jean-Luc Peiry,Peiry,Jean-Luc,jean-luc,1
Didier Henry,Henry,Didier,didier,1
Abdelhamid Boudane,Boudane,Abdelhamid,abdelhamid,1
Dylan Koby,Koby,Dylan,dylan,1
Jérémie Lussiez,Lussiez,Jérémie,jérémie,1
Julien Rossit,Rossit,Julien,julien,1
Lionel Loubersac,Loubersac,Lionel,lionel,1
Thierno Diarra,Diarra,Thierno,thierno,1
Jacques Raynauld,Raynauld,Jacques,jacques,1
Mohamed-Foued Sriti,Sriti,Mohamed-Foued,mohamed-foued,1
Philippe Boutinaud,Boutinaud,Philippe,philippe,1
Clément Jamard,Jamard,Clément,clément,1
Guy Mineau,Mineau,Guy,guy,1
Quang Nguyen,Nguyen,Quang,quang,1
Marie Plasse,Plasse,Marie,marie,1
Laurent Leblond,Leblond,Laurent,laurent,1
Sylvie Billot,Billot,Sylvie,sylvie,1
Stanislas Lew,Lew,Stanislas,stanislas,1
Abdourahamane Baldé,Baldé,Abdourahamane,abdourahamane,1
Farida Admane,Admane,Farida,farida,1
Kamel Elaraba Ziane,Elaraba Ziane,Kamel,kamel,1
Edwige Fangseu Badjio,Fangseu Badjio,Edwige,edwige,1
Federico Del Razo López,Del Razo López,Federico,federico,1
Pascal Cheung-Mon-Chan,Cheung-Mon-Chan,Pascal,pascal,1
Sylvie Charbonnier,Charbonnier,Sylvie,sylvie,1
Yves Fossé,Fossé,Yves,yves,1
Jean-Claude Régnier,Régnier,Jean-Claude,jean-claude,1
Sylvain Lagrue,Lagrue,Sylvain,sylvain,1
Christian Pomot,Pomot,Christian,christian,1
Pascal Barbry,Barbry,Pascal,pascal,1
Athmane Hamel,Hamel,Athmane,athmane,1
Jean-Pierre Barthélemy,Barthélemy,Jean-Pierre,jean-pierre,1
Jean-Robert Kala Kamdjoug,Kala Kamdjoug,Jean-Robert,jean-robert,1
Etienne Pichat,Pichat,Etienne,etienne,1
Hassan Badir,Badir,Hassan,hassan,1
Fadoua Ataa-Allah,Ataa-Allah,Fadoua,fadoua,1
Abderrahim El Qadi,El Qadi,Abderrahim,abderrahim,1
Rami Harrathi,Harrathi,Rami,rami,1
Frédéric Bertrand,Bertrand,Frédéric,frédéric,1
Cyril Faucher,Faucher,Cyril,cyril,1
Marie-Christine Lafaye,Lafaye,Marie-Christine,marie-christine,1
Jean-Yves Lafaye,Lafaye,Jean-Yves,jean-yves,1
Alain Bouju,Bouju,Alain,alain,1
Aydano Machado,Machado,Aydano,aydano,1
Yann Chevaleyre,Chevaleyre,Yann,yann,1
Catherine Garbay,Garbay,Catherine,catherine,1
Michel Dojat,Dojat,Michel,michel,1
François Radvanyi,Radvanyi,François,françois,1
Olivier François,François,Olivier,olivier,1
Rémi Gaudin,Gaudin,Rémi,rémi,1
Yves Caron,Caron,Yves,yves,1
Pascal Makris,Makris,Pascal,pascal,1
Raphaël Couturier,Couturier,Raphaël,raphaël,1
Sergiu Theodor Chelcea,Theodor Chelcea,Sergiu,sergiu,1
Nicolas Bonnel,Bonnel,Nicolas,nicolas,1
Clément Fauré,Fauré,Clément,clément,1
Sylvie Delprat,Delprat,Sylvie,sylvie,1
Laszlo Szathmary,Szathmary,Laszlo,laszlo,1
Sandy Maumus,Maumus,Sandy,sandy,1
Pierre Petronin,Petronin,Pierre,pierre,1
David Da Costa,Da Costa,David,david,1
Nicolas Usunier,Usunier,Nicolas,nicolas,1
Kutluhan Kemal Pak,Kemal Pak,Kutluhan,kutluhan,1
Mohamed Cherif Rahal,Cherif Rahal,Mohamed,mohamed,1
Hélène Gagliardi,Gagliardi,Hélène,hélène,1
Idir Chibane,Chibane,Idir,idir,1
Alexandre Vautier,Vautier,Alexandre,alexandre,1
Bruno Bouzy,Bouzy,Bruno,bruno,1
Guillaume Chaslot,Chaslot,Guillaume,guillaume,1
Aurélie Névéol,Névéol,Aurélie,aurélie,1
Sylwia Ozdowska,Ozdowska,Sylwia,sylwia,1
Annabelle Mercier,Mercier,Annabelle,annabelle,1
Philippe Caillou,Caillou,Philippe,philippe,1
Brigitte Le Roux,Le Roux,Brigitte,brigitte,1
Laurent Alamarguy,Alamarguy,Laurent,laurent,1
Güray Erus,Erus,Güray,güray,1
Nicolas Loménie,Loménie,Nicolas,nicolas,1
Sébastien Quirion,Quirion,Sébastien,sébastien,1
Guy W. Mineau,W. Mineau,Guy,guy,1
Eugen Barbu,Barbu,Eugen,eugen,1
Pierre Héroux,Héroux,Pierre,pierre,1
Sébastien Adam,Adam,Sébastien,sébastien,1
Éric Trupin,Trupin,Éric,éric,1
Charles Foveau,Foveau,Charles,charles,1
Samah Reguigui,Reguigui,Samah,samah,1
Nadine Meskens,Meskens,Nadine,nadine,1
Jean-Philippe Vandamme,Vandamme,Jean-Philippe,jean-philippe,1
Abdelhakim Artiba,Artiba,Abdelhakim,abdelhakim,1
Jean-Paul Barthès,Barthès,Jean-Paul,jean-paul,1
Mehdi Mtir,Mtir,Mehdi,mehdi,1
Gregory Piatetsky-Shapiro,Piatetsky-Shapiro,Gregory,gregory,1
Alexandre Cotarmanac'h,Cotarmanac'h,Alexandre,alexandre,1
Virginie Sans,Sans,Virginie,virginie,1
Rim Djedidi Hannachi,Djedidi Hannachi,Rim,rim,1
Oumar Sy,Sy,Oumar,oumar,1
Tao Wan,Wan,Tao,tao,1
Hélène Desmier,Desmier,Hélène,hélène,1
Victoria Eugenia Ospina,Eugenia Ospina,Victoria,victoria,1
Alain-Jérôme Fougères,Fougères,Alain-Jérôme,alain-jérôme,1
Jorge Louçã,Louçã,Jorge,jorge,1
Christophe Candillier,Candillier,Christophe,christophe,1
Noureddine Mouaddib,Mouaddib,Noureddine,noureddine,1
Hicham Behja,Behja,Hicham,hicham,1
Abdelaziz Marzak,Marzak,Abdelaziz,abdelaziz,1
Romain Dailly,Dailly,Romain,romain,1
Christian Chervet,Chervet,Christian,christian,1
Radhia Ben Hamed,Ben Hamed,Radhia,radhia,1
Pierre Pompidor,Pompidor,Pierre,pierre,1
Cyril Nortet,Nortet,Cyril,cyril,1
Xavier Denis,Denis,Xavier,xavier,1
Michel Sala,Sala,Michel,michel,1
Ludovic Denoyer,Denoyer,Ludovic,ludovic,1
Natima Singla,Singla,Natima,natima,1
Olivier Bousquet,Bousquet,Olivier,olivier,1
Philippe Collet,Collet,Philippe,philippe,1
Vincent Derozier,Derozier,Vincent,vincent,1
Ganaël Jatteau,Jatteau,Ganaël,ganaël,1
Madenda Sarifuddin,Sarifuddin,Madenda,madenda,1
Dahbia Semani,Semani,Dahbia,dahbia,1
Carl Frélicot,Frélicot,Carl,carl,1
Pierre Courtellemont,Courtellemont,Pierre,pierre,1
Bertrand Petitjean,Petitjean,Bertrand,bertrand,1
Olfa Jenhani el Jed,Jenhani el Jed,Olfa,olfa,1
Pau Origoni,Origoni,Pau,pau,1
Fabio B. Losa,B. Losa,Fabio,fabio,1
Cédric Archaux,Archaux,Cédric,cédric,1
Sarra Ben Lagha,Ben Lagha,Sarra,sarra,1
Aïcha El Golli,El Golli,Aïcha,aïcha,1
Stéphane Trébucq,Trébucq,Stéphane,stéphane,1
Narjes Doggaz,Doggaz,Narjes,narjes,1
Jihem Rezgui,Rezgui,Jihem,jihem,1
Richard Butterworth,Butterworth,Richard,richard,1
Francesca De Domenico,De Domenico,Francesca,francesca,1
Livio De Luca,De Luca,Livio,livio,1
Saïd Karouach,Karouach,Saïd,saïd,1
Birahim Gueye,Gueye,Birahim,birahim,1
Paul Munteanu,Munteanu,Paul,paul,1
Mohamed Bendou,Bendou,Mohamed,mohamed,1
Anne-Lise Huyet,Huyet,Anne-Lise,anne-lise,1
Jean-Luc Paris,Paris,Jean-Luc,jean-luc,1
Hamid Tebri,Tebri,Hamid,hamid,1
Magalie Delépine,Delépine,Magalie,magalie,1
Julien Barberet,Barberet,Julien,julien,1
Sarah Cohen Boulakia,Cohen Boulakia,Sarah,sarah,1
Nicolas Chanchevrier,Chanchevrier,Nicolas,nicolas,1
Nicolas Turenne,Turenne,Nicolas,nicolas,1
Marc Barbier,Barbier,Marc,marc,1
Zahir Maazouzi,Maazouzi,Zahir,zahir,1
Jérôme Mikolajczak,Mikolajczak,Jérôme,jérôme,1
Fabrice Gadaud,Gadaud,Fabrice,fabrice,1
Guillaume Duquesnay,Duquesnay,Guillaume,guillaume,1
Cristophe Roche,Roche,Cristophe,cristophe,1
Doru Tanasa,Tanasa,Doru,doru,1
Boulbaba Ben Amor,Ben Amor,Boulbaba,boulbaba,1
Liming Chen,Chen,Liming,liming,1
Olivier Teytaud,Teytaud,Olivier,olivier,1
Xavier Baril,Baril,Xavier,xavier,1
Jérémy Clech,Clech,Jérémy,jérémy,1
Rachid Arezki,Arezki,Rachid,rachid,1
Abdenour Mokrane,Mokrane,Abdenour,abdenour,1
David William Pearson,William Pearson,David,david,1
Pierre-Antoine Champin,Champin,Pierre-Antoine,pierre-antoine,1
Yannick Prié,Prié,Yannick,yannick,1
Alexandre Lefevre,Lefevre,Alexandre,alexandre,1
Benoît Vaillant,Vaillant,Benoît,benoît,1
Marc Borry,Borry,Marc,marc,1
Annick Castiaux,Castiaux,Annick,annick,1
Philippe Bessières,Bessières,Philippe,philippe,1
Abdelghani Bellaachia,Bellaachia,Abdelghani,abdelghani,1
Anand Mahajan,Mahajan,Anand,anand,1
Michel Volle,Volle,Michel,michel,1
Amandine Duffoux,Duffoux,Amandine,amandine,1
Laurence Duval,Duval,Laurence,laurence,1
Gilles Verley,Verley,Gilles,gilles,1
Jean-Pierre Asselin de Beauville,Asselin de Beauville,Jean-Pierre,jean-pierre,1
Simon Jaillet,Jaillet,Simon,simon,1
Jorge López Castroman,López Castroman,Jorge,jorge,1
Enrique Baca-García,Baca-García,Enrique,enrique,1
Philippe Courtet,Courtet,Philippe,philippe,1
Sabine Rabaseda,Rabaseda,Sabine,sabine,1
Nizar Khayati,Khayati,Nizar,nizar,1
Anne Lavallard,Lavallard,Anne,anne,1
Antoine Naud,Naud,Antoine,antoine,1
Daniel Beauchêne,Beauchêne,Daniel,daniel,1
Cécile Million-Rousseau,Million-Rousseau,Cécile,cécile,1
Jérémy Roos,Roos,Jérémy,jérémy,1
Stéphane Bonnevay,Bonnevay,Stéphane,stéphane,1
Gérald Gavin,Gavin,Gérald,gérald,1
Pierre Dosne,Dosne,Pierre,pierre,1
Mireille Cosquer,Cosquer,Mireille,mireille,1
François Gros,Gros,François,françois,1
Alain Livartowski,Livartowski,Alain,alain,1
Amar-Djalil Mezaour,Mezaour,Amar-Djalil,amar-djalil,1
Anicet Kouomou Choupo,Kouomou Choupo,Anicet,anicet,1
Brigitte Noiret,Noiret,Brigitte,brigitte,1
Joseph Di Martino,Di Martino,Joseph,joseph,1
Lynne Billard,Billard,Lynne,lynne,1
Jean Royauté,Royauté,Jean,jean,1
Philippe Dessen,Dessen,Philippe,philippe,1
Sylvaine Le Minor,Le Minor,Sylvaine,sylvaine,1
Marie-Thérèse Maunoury,Maunoury,Marie-Thérèse,marie-thérèse,1
Marius Barctus,Barctus,Marius,marius,1
Boris Borzic,Borzic,Boris,boris,1
Abdulhafiz Alkhouli,Alkhouli,Abdulhafiz,abdulhafiz,1
Nader Hassine,Hassine,Nader,nader,1
