prenom_cle,exemple_auteur_complet,genre_estime
abdelaziz,Abdelaziz Bensrhair,unknown
abdelfettah,Abdelfettah Feliachi,unknown
abdelghani,Abdelghani Bellaachia,unknown
abdelhadi,Abdelhadi Fennan,unknown
abdelhakim,Abdelhakim Artiba,unknown
abdelhamid,Abdelhamid Boudane,unknown
abdelheq,Abdelheq Et-tahir Guettala,unknown
abdeljalil,Abdeljalil Elouardighi,unknown
abdelkader,Abdelkader Benameur,unknown
abdellah,Abdellah Sabry,male
abdelmajid,Abdelmajid Ben Hamadou,unknown
abdelmalek,Abdelmalek Toumi,unknown
abdenour,Abdenour Mokrane,unknown
abder,Abder Elmoatz,unknown
abderrahim,Abderrahim El Qadi,unknown
abderrahmane,Abderrahmane Maaradji,unknown
abdessamad,Abdessamad Outerqiss,unknown
abdoul-djawadou,Abdoul-Djawadou Salaou,unknown
abdoulaye,Abdoulaye Sarr,unknown
abdourahamane,Abdourahamane Baldé,unknown
abdulhafiz,Abdulhafiz Alkhouli,unknown
abdullah,Abdullah Almaksour,male
abir,Abir Saïd,female
adel,Adel Lablack,male
adeline,Adeline Nazarenko,female
adina,Adina Magda Florea,female
adnan,Adnan El Moussawi,male
adrian,Adrian Tanasescu,male
adriana,Adriana Prado,female
adrien,Adrien Guille,male
afef,Afef Zenned,unknown
aghiles,Aghiles Salah,unknown
agnès,Agnès Braud,female
ahlame,Ahlame Douzal-Chouakria,unknown
ahlem,Ahlem Othmani,unknown
ahmed,Ahmed Amrani,male
aichetou,Aichetou Bouchareb,unknown
aimene,Aimene Belfodil,unknown
aladine,Aladine Chetouani,unknown
alain,Alain Simac-Lejeune,male
alain-jérôme,Alain-Jérôme Fougères,unknown
alain-pierre,Alain-Pierre Manine,unknown
alban,Alban Mancheron,male
albert,Albert Bifet,male
aldo,Aldo Napoli,male
alexandra,Alexandra Degeest,female
alexandre,Alexandre Blansché,male
alexandrina,Alexandrina Rogozan,female
alexis,Alexis Gabadinho,male
ali,Ali Khenchaf,male
alice,Alice Marascu,female
alina,Alina Dia Miron,female
aline,Aline Deruyver,female
aliou,Aliou Boly,unknown
allel,Allel HadjAli,unknown
alpha,Alpha Diallo,female
alzennyr,Alzennyr Da Silva,unknown
amadou,Amadou Fall Dia,unknown
amandine,Amandine Duffoux,female
amar-djalil,Amar-Djalil Mezaour,unknown
amedeo,Amedeo Napoli,male
amel,Amel Bouzeghoub,male
amine,Amine Chaibi,male
amira,Amira Oussalah,female
amjad,Amjad Abou Assali,male
ammar,Ammar Mechouche,male
amyn,Amyn Bennamane,unknown
amélie,Amélie Cordier,female
ana,Ana Simonet,female
anand,Anand Mahajan,male
anass,Anass El Haddadi,male
anastasiya,Anastasiya Yurchyshyna,female
andres,Andres Jacome,male
andré,André Péninou,male
andrés,Andrés Troya-Galvis,male
anh,Anh Phuc Trinh,mostly_female
anicet,Anicet Kouomou Choupo,mostly_male
anna,Anna Kolomoyskaya,female
annabelle,Annabelle Boutet,female
anne,Anne Laurent,female
anne-elisabeth,Anne-Elisabeth Laques,unknown
anne-lise,Anne-Lise Huyet,unknown
anne-marie,Anne-Marie Vercoustre,unknown
anne-sophie,Anne-Sophie Libert,unknown
annick,Annick Castiaux,female
annie,Annie Morin,female
annig,Annig Le Parc - Lacayrelle,female
anouar,Anouar Benhassena,male
anouck,Anouck Bodin-Niemczuk,female
ansaf,Ansaf Salleb-Aouissi,unknown
anthony,Anthony Perez,male
antoine,Antoine Cornuéjols,male
antoni,Antoni Lozano,male
antonio,Antonio Penta,male
aris,Aris Ouksel,male
armelle,Armelle Brun,female
arnaud,Arnaud Soulet,male
arriel,Arriel Benis,unknown
asma,Asma Ben Achour,female
atef,Atef Hamouda,male
athanasiadis,Athanasiadis Marios - Lazaros,unknown
athmane,Athmane Hamel,male
aude,Aude Beauger,female
audrey,Audrey Baneyx,female
augusta,Augusta Mela,female
aurélie,Aurélie Bertaux,female
aurélien,Aurélien Bossard,male
authors,authors,unknown
aydano,Aydano Machado,unknown
aymen,Aymen Elkhlifi,unknown
aymeric,Aymeric Le Dorze,male
ayoub,Ayoub Karine,male
azeddine,Azeddine Beghdadi,unknown
aïcha,Aïcha El Golli,unknown
ba-hung,Ba-Hung Ngo,unknown
badre,Badre Belabbess,unknown
baghdad,Baghdad Atmani,unknown
baptiste,Baptiste Jeudy,male
barbara,Barbara Poulain,female
bart,Bart Goethals,male
bashar,Bashar Saleh,male
bassem,Bassem Makni,male
bastien,Bastien Latard,male
baya,Baya Naouel Barigou,female
belhaj,Belhaj Rhouma Sourour,unknown
beniamino,Beniamino Murgante,male
benjamin,Benjamin Duthil,male
benoit,Benoit Kiene,unknown
benoît,Benoît Otjacques,male
bernadette,Bernadette Bouchon-Meunier,female
bernard,Bernard Dousset,male
bernardo,Bernardo Lopez,male
bernhard,Bernhard Pfahringer,male
bert,Bert C. Huang,male
bertjan,Bertjan Broeksema,male
bertrand,Bertrand Jouve,male
besma,Besma Khalfi,unknown
bich-liên,Bich-Liên Doan,unknown
bilal,Bilal Idiri,male
bilel,Bilel Bouchamia,male
billel,Billel Arres,unknown
bin-hui,Bin-Hui Chou,unknown
birahim,Birahim Gueye,unknown
bissan,Bissan Audeh,unknown
blaise,Blaise Hanczar,male
blandine,Blandine Comte,female
bogdan,Bogdan Moisuc,male
boris,Boris Chidlovskii,male
boulbaba,Boulbaba Ben Amor,unknown
boutheina,Boutheina Ben Yaghlane,unknown
bouziane,Bouziane Beldjilali,unknown
brahim,Brahim Douar,male
brice,Brice Olivier,male
brieuc,Brieuc Conan-Guez,male
brigitte,Brigitte Trousse,female
brivael,Brivael Trelhu,unknown
bruno,Bruno Pinaud,male
budi,Budi Sentana,unknown
béatrice,Béatrice Bouchou,female
bénédicte,Bénédicte Le Grand,female
c.,C. Thao,unknown
camille,Camille Kurtz,mostly_female
carine,Carine Hue,female
carl,Carl Frélicot,male
caroline,Caroline Collet,female
cassio,Cassio Melo,male
catherine,Catherine Faron-Zucker,female
cecilia,Cecilia Zanni,female
celine,Celine Robardet,unknown
celson,Celson Lima,unknown
chabane,Chabane Djeraba,unknown
chahrazed,Chahrazed Bouhini,unknown
chan,Chan Le Duc,mostly_male
chantal,Chantal Reynaud,female
charles,Charles Bouveyron,male
chedi,Chedi Bechikh Ali,unknown
chedy,Chedy Raïssi,unknown
cheikh,Cheikh Niang,unknown
chengcheng,Chengcheng Mu,unknown
cherif,Cherif Chiraz Latiri,male
chiheb-eddine,Chiheb-Eddine Ben N’Cir,unknown
chiraz,Chiraz Latiri,unknown
chongsheng,Chongsheng Zhang,unknown
chowdhury,Chowdhury Farhan Ahmed,unknown
christel,Christel Vrain,female
christelle,Christelle Vangenot,female
christian,Christian Surace,male
christiane,Christiane Guinot,female
christine,Christine Largeron,female
christophe,Christophe Nicolle,male
christopher,Christopher Kermorvant,male
chérif,Chérif Mballo,unknown
ciprian-octavian,Ciprian-Octavian Truica,unknown
claire,Claire François,female
claire-lise,Claire-Lise Mottaz Jiang,unknown
clara,Clara Le Guillou,female
claude,Claude Pasquier,mostly_male
claudia,Claudia Marinica,female
clémence,Clémence Magnien,female
clément,Clément Charnay,male
clémentine,Clémentine Nebut,female
colin,Colin Leverger,male
coriane,Coriane Nana Jipmo,unknown
corinne,Corinne Mandin,female
cristian,Cristian Martinez,male
cristina,Cristina Tîrnauca,female
cristophe,Cristophe Roche,unknown
cyril,Cyril de Runz,male
cyrine,Cyrine Nasri,unknown
cássia,Cássia Trojahn dos Santos,unknown
cécile,Cécile Favre,female
cédric,Cédric Udréa,male
cédrick,Cédrick Fairon,male
célia,Célia Da Costa Pereira,female
céline,Céline Fiot,female
dahbia,Dahbia Semani,unknown
damien,Damien Leprovost,male
dan,Dan A. Simovici,male
dan-mircea,Dan-Mircea Suciu,unknown
dana,Dana Popovici,female
daniel,Daniel Rubin,male
danielle,Danielle Boulanger,female
danièle,Danièle Hérin,female
danny,Danny Lo Seen,male
david,David Genest,male
davide,Davide Buscaldi,male
delphine,Delphine Bernhard,female
denis,Denis Cavallucci,male
dhafer,Dhafer Lahbib,unknown
dhouha,Dhouha Grissa,unknown
dhouha-grissa,Dhouha-Grissa,unknown
didier,Didier Dubois,male
dieudonné,Dieudonné Tchuente,male
dima,Dima Mufti-Alchawafa,female
dimitre,Dimitre Kostadinov,unknown
dino,Dino Ienco,male
djamal,Djamal Belkasmi,unknown
djamel,Djamel Abdelkader Zighed,male
domingo,Domingo S. Rodríguez,male
dominic,Dominic Forest,male
dominique,Dominique Laurent,andy
domoina,Domoina Rabarijaona,unknown
donato,Donato Malerba,male
dong,Dong (Haoyuan) Li,andy
dorra,Dorra Ben Ayed Mezghanni,unknown
doru,Doru Tanasa,male
doulkifli,Doulkifli Boukraâ,unknown
driss,Driss Aboutajdine,male
duc,Duc Kinh Le Tran,mostly_male
dumitru-clementin,Dumitru-Clementin Cercel,unknown
dung,Dung Bui,andy
dylan,Dylan Da Conceicao,mostly_male
edmond,Edmond Lassalle,male
edmundo-pavel,Edmundo-Pavel Soriano-Morales,unknown
eduardo,Eduardo Fraschini,male
edwige,Edwige Fangseu Badjio,female
edwin,Edwin Diday,male
einoshin,Einoshin Suzuki,unknown
ekaterina,Ekaterina Simonenko,female
elena,Elena Cabrio,female
elias,Elias Egho,male
elie,Elie Prudhomme,male
elisa,Elisa Fromont,female
elisabeth,Elisabeth Métais,female
elise,Elise Desmier,female
elod,Elod Egyed-Zsigmond,unknown
eloïse,Eloïse Loubier,unknown
elsa,Elsa Negre,female
elvira,Elvira Romano,female
elyase,Elyase Lassouli,unknown
emanuel,Emanuel Aldea,male
emeric,Emeric Prouteau,male
emilie,Emilie Guimier De Neef,female
emilien,Emilien Perrin,male
emmanuel,Emmanuel Viennet,male
emmanuelle,Emmanuelle Claeys,female
emna,Emna Bahri,unknown
engelbert,Engelbert Mephu Nguifo,male
enric,Enric Ripoll,male
enrique,Enrique Baca-García,male
eric,Eric Kergosien,male
erick,Erick Stattner,male
ernesto,Ernesto Estrada,male
esteban,Esteban Zimányi,male
estelle,Estelle Delpech,female
esther,Esther Galbrun,female
etienne,Etienne Corvée,male
eugen,Eugen Barbu,male
eunika,Eunika Mercier-Laurent,unknown
ewa,Ewa Kijak,female
eya,Eya Ben Ahmed,unknown
fabian,Fabian Suchanek,male
fabien,Fabien Gandon,male
fabio,Fabio Porto,male
fabrice,Fabrice Clérot,male
fabrizio,Fabrizio Gotti,male
fadhela,Fadhela Kerdjoudj,unknown
fadi,Fadi Dornaika,male
fadila,Fadila Bentayeb,female
fadoua,Fadoua Ataa-Allah,unknown
faiza,Faiza Ghozzi,female
fanny,Fanny Chevalier,female
faouzi,Faouzi Boufarès,male
faouzia,Faouzia Benabbou,unknown
faraz,Faraz Zaidi,unknown
farid,Farid Cerbah,male
farida,Farida Admane,female
fatiha,Fatiha Saïs,female
fatima-zahra,Fatima-Zahra Aazi,unknown
fatma,Fatma Bouali,female
fayrouz,Fayrouz Soualah Alila,unknown
fayçal,Fayçal Hamdi,unknown
fazia,Fazia Bellal,unknown
faïez,Faïez Gargouri,unknown
federico,Federico Ulliana,male
fekade,Fekade Getahun,unknown
fethi,Fethi Belghaouti,male
filip,Filip Florea,male
filipe,Filipe Afonso,male
fionn,Fionn Murtagh,male
flavien,Flavien Huynh,male
florence,Florence Le Ber,female
florent,Florent Masseglia,male
florian,Florian Guillochon,male
fosca,Fosca Giannotti,female
fouad,Fouad Badran,male
francesca,Francesca Bugiotti,female
francisco,Francisco de Assis Tenório de Carvalho,male
franck,Franck Ravat,male
francky,Francky Trichet,male
francois,Francois Queyroi,unknown
frank,Frank Meyer,male
françois,François Poulet,male
françois-xavier,François-Xavier Jollois,unknown
françois-élie,François-Élie Calvier,unknown
françoise,Françoise Fessant,female
freddy,Freddy Limpens,male
frederic,Frederic Cherqui,male
frédéric,Frédéric Flouvat,male
frédérique,Frédérique Segond,female
fundulaki,Fundulaki Irini,unknown
gabriel,Gabriel Frey,male
gamze,Gamze Saygi,female
ganaël,Ganaël Jatteau,mostly_male
gaël,Gaël Beck,mostly_male
gaële,Gaële Simon,female
gaëlle,Gaëlle Legrand,female
gaëtan,Gaëtan Blain,male
george,George Portides,male
georges,Georges Hébrail,male
georgis,Georgis Christos,unknown
germain,Germain Forestier,male
ghada,Ghada Landoulsi,female
gianluca,Gianluca Quercini,male
giap,Giap NGuyen,unknown
gilbert,Gilbert Ritschard,male
gildas,Gildas Tagny Ngompé,mostly_male
gilles,Gilles Venturini,male
giuseppe,Giuseppe Berio,male
gouenou,Gouenou Coatrieux,unknown
goverdhan,Goverdhan Singh,unknown
gregory,Gregory Piatetsky-Shapiro,male
grégory,Grégory Smits,male
gu&#776;nce,Gu&#776;nce Keziban Orman,unknown
guilaine,Guilaine Talens,female
guillaume,Guillaume Cleuziou,male
guillem,Guillem Lefait,male
guy,Guy Melançon,male
guénaël,Guénaël Cabanes,unknown
gérald,Gérald Gavin,male
géraldine,Géraldine Polaillon,female
gérard,Gérard Govaert,male
güray,Güray Erus,male
habib,Habib Hadj Mabrouk,male
hacène,Hacène Cherfi,unknown
hadjer,Hadjer Belaicha,unknown
hafdalla,Hafdalla Hammia,unknown
hafida,Hafida Belbachir,female
haikel,Haikel Megrahi,male
haithem,Haithem Ghorbel,unknown
hajer,Hajer Baazaoui Zghal,unknown
hakim,Hakim Hacid,male
hala,Hala Naja,female
hamdi,Hamdi Ben Hamadou,male
hamid,Hamid Azzoune,male
hana,Hana Alouaoui,female
hanane,Hanane Azzag,female
hanen,Hanen Brahmi,unknown
hanine,Hanine Hamzioui,unknown
hans-hermann,Hans-Hermann Bock,unknown
haolin,Haolin Ren,unknown
harold,Harold Vilmart,male
hassan,Hassan Chouaib,male
hassina,Hassina Mouloudi,female
hatem,Hatem Haddad,male
hatim,Hatim Chahdi,male
haïfa,Haïfa Zargayouna,unknown
heikki,Heikki Mannila,male
hela,Hela Masmoudi,female
helen,Helen Purchase,female
hemza,Hemza Ficel,unknown
henda,Henda Ben Ghézala,unknown
henri,Henri Briand,male
henri-maxime,Henri-Maxime Suchier,unknown
herman,Herman Akdag,male
hervé,Hervé Janiaut,male
hicham,Hicham Hajji,male
hippolyte,Hippolyte Léger,male
hiroshi,Hiroshi Ishikawa,male
hoang-tung,Hoang-Tung Tran,unknown
hong,Hong Diep Tran,andy
hosna,Hosna Ouni,unknown
houda,Houda Fyad,female
houssem,Houssem Jerbi,unknown
howard,Howard J. Hamilton,male
huaiguo,Huaiguo Fu,unknown
huaiyu,Huaiyu Fu,unknown
hubert,Hubert Naacke,male
hugo,Hugo Alatrista Salas,male
hunor,Hunor Albert-Lorincz,unknown
husam,Husam Alustwani,male
hussein,Hussein T. Al-Natsheh,male
hélène,Hélène Jaudoin,female
ibrahim,Ibrahim Louhi,male
ibtissem,Ibtissem Cherni,female
idir,Idir Chibane,unknown
ilef,Ilef Ben Slima,unknown
ilham,Ilham Berrada,male
imen,Imen Brahmi,unknown
imène,Imène Brigui-Chtioui,unknown
ines,Ines Fayech,female
inès,Inès Saad,female
ioan,Ioan Marius Bilasco,male
ioanna,Ioanna Giannopoulou,female
ioannis,Ioannis Partalas,male
iona,Iona Vasilescu,female
irina,Irina Diana Coman,female
isabelle,Isabelle Mougenot,female
islem,Islem Denden,unknown
ismail,Ismail Kassou,male
israël-césar,Israël-César Lerman,unknown
issam,Issam Falih,male
iuri,Iuri D. Nogueira,unknown
ivonne,Ivonne Trebs,female
iwo,Iwo Doboszewski,unknown
iwona,Iwona Dudek,female
jacky,Jacky Montmain,male
jacques,Jacques Chauché,male
jacques-henri,Jacques-Henri Sublemontier,unknown
jannaï,Jannaï Tokotoko,unknown
jason,Jason Vallet,male
jean,Jean Lieber,male
jean-baptiste,Jean-Baptiste Bohuon,unknown
jean-benoît,Jean-Benoît Griesner,unknown
jean-charles,Jean-Charles Lamirel,unknown
jean-claude,Jean-Claude Léon,unknown
jean-daniel,Jean-Daniel Zucker,unknown
jean-emile,Jean-Emile Symphor,unknown
jean-françois,Jean-François Boulicaut,unknown
jean-gabriel,Jean-Gabriel Ganascia,unknown
jean-hugues,Jean-Hugues Chenot,unknown
jean-jacques,Jean-Jacques Schneider,unknown
jean-louis,Jean-Louis Ermine,unknown
jean-luc,Jean-Luc Peiry,unknown
jean-marc,Jean-Marc Petit,unknown
jean-marie,Jean-Marie Favreau,unknown
jean-michel,Jean-Michel Cauvin,unknown
jean-paul,Jean-Paul Barthès,unknown
jean-philippe,Jean-Philippe Métivier,unknown
jean-pierre,Jean-Pierre Cahier,unknown
jean-robert,Jean-Robert Kala Kamdjoug,unknown
jean-roch,Jean-Roch Meurisse,unknown
jean-stéphane,Jean-Stéphane Bailly,unknown
jean-yves,Jean-Yves Blaise,unknown
jerry,Jerry Lonlac,male
jerzy,Jerzy Korczak,male
jessica,Jessica Pinaire,female
jesús,Jesús S. Aguilar-Ruiz,mostly_male
jian,Jian Pei,andy
jihem,Jihem Rezgui,unknown
jihen,Jihen Majdoubi,unknown
jim,Jim Hendler,male
jocelyne,Jocelyne Tremenbert,female
johann,Johann Daigremont,male
johannes,Johannes Heinecke,male
john,John Puentes,male
jonathan,Jonathan Dubois,male
jordan,Jordan Frery,male
jorge,Jorge Galicia,male
jose,Jose M. Joemon,male
josep,Josep Daunis-i-Estadella,male
joseph,Joseph Di Martino,male
josiane,Josiane Mothe,female
josé,José L Balcazar,male
joão,João Gama,mostly_male
joël,Joël Boulier,male
juan,Juan David Cruz,male
juan-manuel,Juan-Manuel Torres-Moreno,unknown
jules,Jules Chevalier,male
julie,Julie Bernauer,female
julien,Julien Velcin,male
juliette,Juliette Dibie-Barthélemy,female
julio,Julio Cesar Dos Reis,male
jun,Jun Jo,mostly_male
juraj,Juraj Macko,male
justine,Justine Reynaud,female
jérémie,Jérémie Sublime,male
jérémy,Jérémy Sanhes,male
jérôme,Jérôme Azé,male
kafil,Kafil Hajlaoui,unknown
kaixun,Kaixun Hua,unknown
kamel,Kamel Smaïli,male
karim,Karim Benouaret,male
karima,Karima Dhouib,female
karine,Karine Zeitouni,female
karla,Karla Lopez,female
katerina,Katerina Tsesmeli,female
katharina,Katharina Morik,female
kavé,Kavé Salamatian,unknown
kenza,Kenza Kellou-Menouer,female
kevin,Kevin Dalleau,male
khaled,Khaled Khelif,male
khalid,Khalid Benabdeslem,male
khalil,Khalil Laghmari,male
khanh-chuong,Khanh-Chuong Duong,unknown
khaoula,Khaoula Mahmoudi,unknown
khedija,Khedija Arour,unknown
kheira,Kheira Mechach,unknown
konstantin,Konstantin Todorov,male
kouhei,Kouhei Takemoto,male
kutluhan,Kutluhan Kemal Pak,male
kévin,Kévin Saint-Paul,unknown
l'hédi,L'Hédi Zaher,unknown
laetitia,Laetitia Hédouin,female
lahcen,Lahcen Koutti,unknown
lakhdar,Lakhdar Sais,male
lamia,Lamia Hadrich Belguith,female
lamine,Lamine Diop,male
lamis,Lamis Hawarah,female
lassaâd,Lassaâd Mejri,unknown
laszlo,Laszlo Szathmary,unknown
laura,Laura Giustarini,female
laure,Laure Berti-Equille,female
laurence,Laurence Herbin,female
laurent,Laurent Candillier,male
lazhar,Lazhar Labiod,unknown
le,Le Thi Hoai An,mostly_female
leila,Leila Khouas,female
leoncio,Leoncio Jiménez,male
lidia,Lidia Rivoli,female
liliana,Liliana Ibanescu,female
liming,Liming Chen,unknown
lina,Lina Fahed,female
lionel,Lionel Martin,male
lisa,Lisa Di-Jorio,female
livio,Livio De Luca,male
lobna,Lobna Karoui,unknown
loic,Loic Martin,unknown
lotfi,Lotfi Lakhal,male
lougmiri,Lougmiri Zekri,unknown
louis,Louis Ferré,male
louis-alexandre,Louis-Alexandre Celton,unknown
louis-victor,Louis-Victor Pasquier,unknown
louise,Louise Deléger,female
loïc,Loïc Mabit,male
luc,Luc De Raedt,male
lucas,Lucas Létocart,male
luciano,Luciano Gervasoni,male
lucie,Lucie Martinet,female
lucile,Lucile Sautot,female
ludovic,Ludovic Lebart,male
luigi,Luigi Lancieri,male
lydia,Lydia Boudjeloud,female
lyes,Lyes Benamsili,unknown
lylia,Lylia Abrouk,unknown
lynda,Lynda Khiali,female
lynne,Lynne Billard,female
léa,Léa Laporte,female
m.,M. Nidhal Jelassi,unknown
madenda,Madenda Sarifuddin,unknown
magalie,Magalie Delépine,female
maguelonne,Maguelonne Teisseire,female
maha,Maha Amami,female
maher,Maher Jaoua,male
mahfoud,Mahfoud Bala,unknown
maisa,Maisa Cristina Duarte,female
malek,Malek Hajjem,male
malika,Malika Charrad,female
manel,Manel Boumghar,male
manuel,Manuel Zacklad,male
manuele,Manuele Kirsh-Pinheiro,male
maram,Maram Romdhane,unknown
marc,Marc Boullé,male
marc-ismaël,Marc-Ismaël Akodjènou-Jeannin,unknown
marcin,Marcin Detyniecki,male
marco,Marco Attene,male
maria,Maria Malek,female
maria-luisa,Maria-Luisa Damiani,unknown
marian-andrei,Marian-Andrei Rizoiu,unknown
mariana,Mariana Patricio,female
marianne,Marianne Huchard,female
maribel,Maribel Fernández,female
marie,Marie Agier,female
marie-aude,Marie-Aude Aufaure,unknown
marie-aude-aufaure,Marie-Aude-Aufaure,unknown
marie-christine,Marie-Christine Jaulent,unknown
marie-françoise,Marie-Françoise Canut,unknown
marie-jeanne,Marie-Jeanne Lesot,unknown
marie-luce,Marie-Luce Picard,unknown
marie-noëlle,Marie-Noëlle Bessagnet,unknown
marie-odile,Marie-Odile Cordier,unknown
marie-thérèse,Marie-Thérèse Maunoury,unknown
mariem,Mariem Mahfoudh,unknown
marilys,Marilys Corbex,unknown
marinette,Marinette Amirault-Thébault,female
mario,Mario Cataldi,male
marion,Marion Moulinou,female
marius,Marius Barctus,male
mark,Mark Larsen,male
marlène,Marlène Villanova-Oliver,female
marouen,Marouen Kachroudi,unknown
marta,Marta Franová,female
martial,Martial Phélippé-Guinvarc'h,male
martine,Martine Collard,female
marwan,Marwan Batrouni,male
mary,Mary Felkin,mostly_female
maryvonne,Maryvonne Miquel,female
masaharu,Masaharu Hirota,male
masaki,Masaki Endo,male
massih-reza,Massih-Reza Amini,unknown
mathias,Mathias Géry,male
mathieu,Mathieu Roche,male
matthias,Matthias Studer,male
matthieu,Matthieu Exbrayat,male
mauro,Mauro Gaio,male
max,Max Chevalier,male
maxime,Maxime Lefrançois,mostly_male
maylis,Maylis Delest,unknown
md,Md Shadman Rafid,unknown
md.,Md. Haidar Sharif,unknown
mehdi,Mehdi Kaytoue,male
mehwish,Mehwish Alam,unknown
menaouer,Menaouer Brahami,unknown
meriem,Meriem Amina Zingla,unknown
meryem,Meryem Talha,female
michael,Michael Ley,male
michaël,Michaël Aupetit,male
michel,Michel Buffa,male
mickaël,Mickaël Coustaty,male
miguel,Miguel Couceiro,male
mihaela,Mihaela Scuturici,female
mimoun,Mimoun Malki,unknown
minh,Minh Thu Tran Nguyen,mostly_female
minyar,Minyar Sassi-Hidri,unknown
mira,Mira Abboud,female
mireille,Mireille Mousseau,female
moditha,Moditha Hewasinghage,unknown
modou,Modou Gueye,unknown
moez,Moez Baccouche,unknown
mohamad,Mohamad Dbouk,male
mohamed,Mohamed Nadif,male
mohamed-foued,Mohamed-Foued Sriti,unknown
mohammad,Mohammad Ghoniem,male
mohammed,Mohammed Ramdani,male
mohand,Mohand Boughanem,unknown
mohand-said,Mohand-Said Hacid,unknown
mohcine,Mohcine Maghfour,unknown
mojdeh,Mojdeh Soltanmohammadi,unknown
mokrane,Mokrane Bouzeghoub,unknown
mondher,Mondher Maddouri,unknown
monique,Monique Noirhomme-Fraiture,female
morgan,Morgan Mathiaut,mostly_male
morten,Morten Middelfart,male
mory,Mory Ouattara,unknown
mostafa,Mostafa Hanoune,male
mostéfa,Mostéfa Mokaddem,unknown
mouhamadou,Mouhamadou Thiam,unknown
mouloud,Mouloud Kharoune,male
mouna,Mouna Kamel,female
mounia,Mounia Lalmas,female
mounir,Mounir Dhibi,male
mounira,Mounira Harzallah,female
mourad,Mourad Oussalah,male
moussa,Moussa Lo,male
moustafa,Moustafa Bensafi,male
murat,Murat Ahat,male
musab,Musab Bairat,unknown
mustapha,Mustapha Lebbah,male
myriam,Myriam Maumy-Bertrand,female
mélanie,Mélanie Courtine,female
nabil,Nabil Benayadi,male
nacim,Nacim Ihaddadene,unknown
nacéra,Nacéra Bennacer,unknown
nada,Nada Matta,female
nader,Nader Hassine,male
nadia,Nadia Essoussi,female
nadine,Nadine Baptiste-Jessel,female
nadjim,Nadjim Chelghoum,unknown
najeh,Najeh Naffakhi,unknown
najoua,Najoua Essoukri Ben Amara,unknown
naouel,Naouel Barigou,unknown
narjes,Narjes Doggaz,female
narjès,Narjès Bellamine Ben Saoud,unknown
natalia,Natalia Grabar,female
nathalie,Nathalie Pernelle,female
nathanaël,Nathanaël Kasoro,unknown
natima,Natima Singla,unknown
nawal,Nawal Guermouche,female
nazha,Nazha Selmaoui-Folcher,unknown
ndeye,Ndeye Niang,unknown
nedra,Nedra Mellouli,female
nesrine,Nesrine Gabsi,female
nguyen-khang,Nguyen-Khang Pham,unknown
nhan,Nhan Le Thanh,mostly_male
nhat-quang,Nhat-Quang Doan,unknown
nicolas,Nicolas S. Müller,male
nicole,Nicole Vincent,female
nicoleta,Nicoleta Rogovschi,female
nida,Nida Meddouri,female
nischal,Nischal Verma,unknown
nistor,Nistor Grozavu,male
nizar,Nizar Messai,male
niña,Niña Kerry,unknown
noel,Noel Novelli,male
nongyao,Nongyao Mueangdee,unknown
noorani,Noorani Bakerally,unknown
norbert,Norbert Feron,male
nouha,Nouha Othman,female
noura,Noura Bouzrara,female
nourdine,Nourdine Badji,unknown
noureddine,Noureddine Yacine Nair Benrekia,unknown
nouria,Nouria Harbi,female
nourredine,Nourredine Aliane,unknown
noël,Noël Crespi,male
oana,Oana Andrei,female
olfa,Olfa Allani,unknown
olivier,Olivier Parisot,male
ollivier,Ollivier Haemmerlé,male
omar,Omar Boussaid,male
ond&#711;rej,Ond&#711;rej Šváb-Zamazal,unknown
oriane,Oriane Matte-Tailliez,female
oscar,Oscar Corcho,male
osmar,Osmar R. Zaïane,unknown
oswaldo,Oswaldo Castillo,male
otman,Otman Manad,unknown
oualid,Oualid Benyahia,unknown
oumaima,Oumaima Alaoui Ismaili,female
oumar,Oumar Sy,male
ousmane,Ousmane Djanga,unknown
oussama,Oussama Mokeddem,male
paola,Paola Salle,female
paolo,Paolo Simonetto,male
papantoniou,Papantoniou Katerina,unknown
pascal,Pascal Poncelet,male
pascale,Pascale Kuntz,female
patrice,Patrice Buche,male
patricia,Patricia Conde-Céspedes,female
patrick,Patrick Gallinari,male
pau,Pau Origoni,male
paul,Paul Richard,male
paula,Paula Brito,female
pavel,Pavel Arapov,male
peggy,Peggy Cellier,female
perrine,Perrine Pittet,female
peter,Peter Sturm,male
pham,Pham Dinh Tao,unknown
philippe,Philippe Lenca,male
philippe-henri,Philippe-Henri Gosselin,unknown
phillipe,Phillipe Lamarre,unknown
phuc-hiep,Phuc-Hiep Luong,unknown
pierre,Pierre Gançarski,male
pierre-alain,Pierre-Alain Laur,unknown
pierre-antoine,Pierre-Antoine Papon,unknown
pierre-edouard,Pierre-Edouard Portier,unknown
pierre-emmanuel,Pierre-Emmanuel Jouve,unknown
pierre-françois,Pierre-François Marteau,unknown
pierre-loup,Pierre-Loup Barazzutti,unknown
pierre-nicolas,Pierre-Nicolas Mougel,unknown
pierre-paul,Pierre-Paul Couka,unknown
pierre-rené,Pierre-René Lhérisson,unknown
pierrick,Pierrick Bruneau,male
prem,Prem Kumar Casimir,mostly_female
quang,Quang Nguyen,mostly_male
quang-thang,Quang-Thang Dinh,unknown
quentin,Quentin Brabant,male
quyet-thang,Quyet-Thang Le,unknown
r.,R. Trinquart,unknown
rabah,Rabah Mazouzi,unknown
rabia,Rabia Azzi,female
rabie,Rabie Saidi,male
rabih,Rabih Taleb,male
rachid,Rachid El Meziane,male
radhia,Radhia Ben Hamed,unknown
radhouane,Radhouane Guermazi,unknown
radja,Radja Messai,unknown
rafik,Rafik Abdesselam,male
rahma,Rahma Cherif,unknown
raja,Raja Chiky,mostly_male
rakia,Rakia Jaziri,unknown
rallou,Rallou Thomopoulos,unknown
rami,Rami BELKAROUI,male
rania,Rania Gasri,female
raphaël,Raphaël Feraud,male
reda,Reda Mohamed Hamou,female
rena,Rena Nemoto,female
renata,Renata Ghisloti,female
renaud,Renaud Hostache,male
rene,Rene Quiniou,male
rené-michel,René-Michel Faure,unknown
reynald,Reynald Eugenie,male
riadh,Riadh Ben Messaoud,male
ricardo,Ricardo Baeza-Yates,male
ricco,Ricco Rakotomalala,male
richard,Richard Chbeir,male
rim,Rim Faiz,female
robert,Robert Laurini,male
roberto,Roberto Marroquin,male
robin,Robin Brochier,mostly_male
rodolphe,Rodolphe Priam,male
rokia,Rokia Bendaoud,unknown
roland,Roland Kotto-Kombi,male
romain,Romain Guigourès,male
ronan,Ronan Fablet,male
rosanna,Rosanna Verde,female
rosanne,Rosanne Vetro,female
rose,Rose Dieng-Kuntz,female
rosine,Rosine Cicchetti,female
rostand,Rostand Affogbolo,unknown
ruggero,Ruggero G. Pensa,male
rushed,Rushed Kanawati,unknown
régis,Régis Gras,male
rémi,Rémi Lehn,male
rémy,Rémy Kessler,male
saaid,Saaid Baraty,unknown
sabeur,Sabeur Aridhi,unknown
sabiha,Sabiha Tahrat,female
sabine,Sabine Loudcher,female
sadok,Sadok Ben Yahia,unknown
said,Said Jabbour,male
salima,Salima Benbernou,female
salma,Salma Chaieb,female
salvatore-antoine,Salvatore-Antoine Tabbone,unknown
samah,Samah Reguigui,female
sameh,Sameh Megrhi,female
sami,Sami Faiz,male
samir,Samir Amir,male
samira,Samira Hammiche,female
samuel,Samuel Phan,male
samy,Samy Ait-Bachir,male
sandra,Sandra Bringay,female
sandro,Sandro Bimonte,male
sandy,Sandy Maumus,mostly_female
santo,Santo Fortunato,male
saoussen,Saoussen Sakji,unknown
sarah,Sarah Cohen Boulakia,female
sarra,Sarra Bouzayane,unknown
saso,Saso Dzeroski,unknown
sathya,Sathya Prabhu Kumar,unknown
sayda,Sayda Elmi,female
saïd,Saïd Karouach,unknown
schahrazed,Schahrazed Zeghache,unknown
seifeddine,Seifeddine Mechti,unknown
selim,Selim Mimaroglu,male
serge,Serge Fenet,male
sergei,Sergei O. Kuznetsov,male
sergio,Sergio Rodrigues de Morais,male
sergiu,Sergiu Theodor Chelcea,male
shigeru,Shigeru Takano,male
shin,Shin Ando,andy
shin’ichi,Shin’Ichi Satoh,unknown
shohei,Shohei Yokoyama,male
siham,Siham Boulaknadel,female
sileye,Sileye O. Ba,unknown
simon,Simon Marcellin,male
siwar,Siwar Zribi Boujelbene,unknown
sofian,Sofian Maabout,male
sofiane,Sofiane Ben Amor,male
sonia,Sonia Djebali,female
souhir,Souhir Gahbiche,unknown
soumia,Soumia Melzi,female
stan,Stan Matwin,male
stanislas,Stanislas Lew,male
stavrakas,Stavrakas Yannis,unknown
stefan,Stefan Trausan-Matu,male
stefano,Stefano Perabò,male
stephan,Stephan Bernard,male
sterenn,Sterenn Liberge,unknown
stéfan,Stéfan Jacques Darmoni,unknown
stéphane,Stéphane Lallich,mostly_male
stéphanie,Stéphanie Chapaux,female
suela,Suela Isaj,female
sujeevan,Sujeevan Aseervatham,unknown
suzanne,Suzanne Pinson,female
sylvain,Sylvain Ferrandiz,male
sylvaine,Sylvaine Le Minor,female
sylvie,Sylvie Guillaume,female
sylwia,Sylwia Ozdowska,female
sènami,Sènami C Fréjus Ahomagnon,unknown
sébastien,Sébastien Derivaux,male
séverine,Séverine Kirchner,female
tahar,Tahar Kechadi,male
taimur,Taimur Qureshi,unknown
takao,Takao Miura,male
takeaki,Takeaki Uno,male
talel,Talel Abdesssalem,unknown
tao,Tao Wan,andy
tao-yuan,Tao-Yuan Jen,unknown
taoufik,Taoufik Yeferny,male
tarek,Tarek Hamrouni,male
tarn,Tarn Duong,unknown
tassadit,Tassadit Bouadi,unknown
ted,Ted Gueniche,male
teddy,Teddy Turmeaux,male
teh,Teh Amouh,unknown
thabet,Thabet Slimani,unknown
thanh-nghi,Thanh-Nghi Do,unknown
thanh-trung,Thanh-Trung Van,unknown
the,The Anh Dang,mostly_female
thi-bich-hanh,Thi-Bich-Hanh Dao,unknown
thi-bich-ngoc,Thi-Bich-Ngoc Hoang,unknown
thierno,Thierno Diallo,unknown
thierry,Thierry Urruty,male
thomas,Thomas Guyet,male
thérèse,Thérèse Libourel,female
tianyang,Tianyang Liu,unknown
tias,Tias Guns,unknown
tim,Tim Van de Cruys,male
tita,Tita Kyriacopoulou,female
toader,Toader Gherasim,male
tomàs,Tomàs Aluja-Banet,unknown
tony,Tony Bourdier,male
toon,Toon Calders,male
torben,Torben Bach Pedersen,male
torsten,Torsten Schaub,male
tova,Tova Milo,female
trinh,Trinh Minh Tri Do,mostly_female
troullinos,Troullinos Michalis,unknown
tsitsanis,Tsitsanis Anastasios,unknown
tugdual,Tugdual Sarazin,male
tuong-vinh,Tuong-Vinh Truong,unknown
tuyet-tram,Tuyet-Tram Dang-Ngoc,unknown
usama,Usama M. Fayyad,male
valentin,Valentin Loux,male
valentina,Valentina Ceausu,female
valeriu,Valeriu Cornea,male
valery,Valery Teguiak,male
valérie,Valérie Beaudouin,female
van-hoa,Van-Hoa Nguyen,unknown
vanda,Vanda Luengo,female
vasile-marian,Vasile-Marian Scuturici,unknown
victor,Victor Codocedo,male
victoria,Victoria Eugenia Ospina,female
viet,Viet Phan Luong,male
vincent,Vincent Lemaire,male
violaine,Violaine Antoine,female
virginie,Virginie Lefort,female
vivien,Vivien Kraus,mostly_female
vladislav,Vladislav Matviico,male
véronique,Véronique Delcroix,female
wagner,Wagner Meira Jr,male
wahiba,Wahiba Ben Abdessalem Karaa,female
wajdi,Wajdi Dhifli,male
walid,Walid Erray,male
wassim,Wassim Khaskhoussi,male
wedjene,Wedjene Khiari,unknown
wei,Wei Wang,andy
wen,Wen Zhang,andy
wided,Wided Souidène,unknown
wilfried,Wilfried Despagne,male
william,William Raynaut,male
willy,Willy Ugarte,male
wissam,Wissam Siblini,mostly_male
xavier,Xavier Dolques,male
xiaoyue,Xiaoyue Ma,unknown
xinyu,Xinyu Wang,unknown
xuan-hiep,Xuan-Hiep Huynh,unknown
yacine,Yacine Sam,male
yahia,Yahia Slimani,unknown
yahya,Yahya Slimani,male
yakoub,Yakoub Salhi,unknown
yann,Yann Dauxais,male
yannick,Yannick Toussaint,male
yasmine,Yasmine Mesbahi,female
yassine,Yassine Benabbas,male
yelen,Yelen Per,unknown
yeow,Yeow Wei Choong,unknown
yi,Yi Yu,andy
yoan,Yoan Chabot,male
yoann,Yoann Pitarch,male
yoanne,Yoanne Didry,unknown
youcef,Youcef Bouziane,male
younes,Younes Abid,male
younès,Younès Bennani,unknown
yousra,Yousra Chabchoub,female
youssef,Youssef Hadi,male
yuan,Yuan Lin,andy
yudi,Yudi Augusta,unknown
yue,Yue Feng,andy
yuichiro,Yuichiro Kase,male
yves,Yves Lechevallier,male
zahi,Zahi Jarir,male
zahir,Zahir Maazouzi,male
zahra,Zahra Kebaili,female
zaia,Zaia Alimazighi,unknown
zaineb,Zaineb Chelly Dagdia,unknown
zakaria,Zakaria Boulouard,male
zakia,Zakia Kazi Aoul,female
zaïdi,Zaïdi Sahnoun,unknown
zbigniew,Zbigniew W. Ras,male
zhi,Zhi Cheng,andy
ziad,Ziad Mansouri,male
zina,Zina Bouattou,female
zohra,Zohra Bellahsene,female
zoltan,Zoltan Miklos,unknown
zoubida,Zoubida Kedad,unknown
zoulikha,Zoulikha Heddadji,female
éric,Éric Gaussier,unknown
étienne-cuvelier,Étienne-Cuvelier,unknown
